root_lot_id,lot_id,wafer_id,tkin_time,tkout_time,line_id,step_seq,subitem_id,item_id,fab_value
LOT1,LOT1,01,2025-05-11 12:52:00 AM,2025-05-11 03:52:00 AM,PPPP,SK016125,1,CD1,10.599342830602247
LOT1,LOT1,01,2025-05-11 12:52:00 AM,2025-05-11 03:52:00 AM,PPPP,SK016125,1,CD3,15.9765
LOT1,LOT1,01,2025-05-11 12:52:00 AM,2025-05-11 03:52:00 AM,PPPP,SK036210,1,THK1_1_TOP,25.8393
LOT1,LOT1,01,2025-05-11 12:52:00 AM,2025-05-11 03:52:00 AM,PPPP,SK016125,2,CD1,10.472347139765763
LOT1,LOT1,01,2025-05-11 12:52:00 AM,2025-05-11 03:52:00 AM,PPPP,SK016125,2,CD3,15.4139
LOT1,LOT1,01,2025-05-11 12:52:00 AM,2025-05-11 03:52:00 AM,PPPP,SK036210,2,THK1_1_TOP,26.9629
LOT1,LOT1,01,2025-05-11 12:52:00 AM,2025-05-11 03:52:00 AM,PPPP,SK016125,3,CD1,10.629537707620138
LOT1,LOT1,01,2025-05-11 12:52:00 AM,2025-05-11 03:52:00 AM,PPPP,SK016125,3,CD3,16.2983
LOT1,LOT1,01,2025-05-11 12:52:00 AM,2025-05-11 03:52:00 AM,PPPP,SK036210,3,THK1_1_TOP,25.4649
LOT1,LOT1,01,2025-05-11 12:52:00 AM,2025-05-11 03:52:00 AM,PPPP,SK016125,4,CD1,10.804605971281605
LOT1,LOT1,01,2025-05-11 12:52:00 AM,2025-05-11 03:52:00 AM,PPPP,SK016125,4,CD3,16.2854
LOT1,LOT1,01,2025-05-11 12:52:00 AM,2025-05-11 03:52:00 AM,PPPP,SK036210,4,THK1_1_TOP,27.3629
LOT1,LOT1,01,2025-05-11 12:52:00 AM,2025-05-11 03:52:00 AM,PPPP,SK016125,5,CD1,10.453169325055333
LOT1,LOT1,01,2025-05-11 12:52:00 AM,2025-05-11 03:52:00 AM,PPPP,SK016125,5,CD3,15.5612
LOT1,LOT1,01,2025-05-11 12:52:00 AM,2025-05-11 03:52:00 AM,PPPP,SK036210,5,THK1_1_TOP,23.8343
LOT1,LOT1,01,2025-05-11 12:52:00 AM,2025-05-11 03:52:00 AM,PPPP,SK016125,6,CD1,10.453172608610164
LOT1,LOT1,01,2025-05-11 12:52:00 AM,2025-05-11 03:52:00 AM,PPPP,SK016125,6,CD3,15.9032
LOT1,LOT1,01,2025-05-11 12:52:00 AM,2025-05-11 03:52:00 AM,PPPP,SK036210,6,THK1_1_TOP,19.3699
LOT1,LOT1,01,2025-05-11 12:52:00 AM,2025-05-11 03:52:00 AM,PPPP,SK016125,7,CD1,10.815842563101478
LOT1,LOT1,01,2025-05-11 12:52:00 AM,2025-05-11 03:52:00 AM,PPPP,SK016125,7,CD3,15.8904
LOT1,LOT1,01,2025-05-11 12:52:00 AM,2025-05-11 03:52:00 AM,PPPP,SK036210,7,THK1_1_TOP,25.5181
LOT1,LOT1,01,2025-05-11 12:52:00 AM,2025-05-11 03:52:00 AM,PPPP,SK016125,8,CD1,10.653486945830581
LOT1,LOT1,01,2025-05-11 12:52:00 AM,2025-05-11 03:52:00 AM,PPPP,SK016125,8,CD3,15.062
LOT1,LOT1,01,2025-05-11 12:52:00 AM,2025-05-11 03:52:00 AM,PPPP,SK036210,8,THK1_1_TOP,23.4649
LOT1,LOT1,01,2025-05-11 12:52:00 AM,2025-05-11 03:52:00 AM,PPPP,SK016125,9,CD1,10.40610512281301
LOT1,LOT1,01,2025-05-11 12:52:00 AM,2025-05-11 03:52:00 AM,PPPP,SK016125,9,CD3,15.8655
LOT1,LOT1,01,2025-05-11 12:52:00 AM,2025-05-11 03:52:00 AM,PPPP,SK036210,9,THK1_1_TOP,24.4795
LOT1,LOT1,01,2025-05-11 12:52:00 AM,2025-05-11 03:52:00 AM,PPPP,SK016125,10,CD1,10.608512008717193
LOT1,LOT1,01,2025-05-11 12:52:00 AM,2025-05-11 03:52:00 AM,PPPP,SK016125,10,CD3,16.2694
LOT1,LOT1,01,2025-05-11 12:52:00 AM,2025-05-11 03:52:00 AM,PPPP,SK036210,10,THK1_1_TOP,27.8741
LOT1,LOT1,01,2025-05-11 12:52:00 AM,2025-05-11 03:52:00 AM,PPPP,SK016125,11,CD1,10.407316461437507
LOT1,LOT1,01,2025-05-11 12:52:00 AM,2025-05-11 03:52:00 AM,PPPP,SK016125,11,CD3,15.4403
LOT1,LOT1,01,2025-05-11 12:52:00 AM,2025-05-11 03:52:00 AM,PPPP,SK036210,11,THK1_1_TOP,18.7609
LOT1,LOT1,01,2025-05-11 12:52:00 AM,2025-05-11 03:52:00 AM,PPPP,SK016125,12,CD1,10.406854049285949
LOT1,LOT1,01,2025-05-11 12:52:00 AM,2025-05-11 03:52:00 AM,PPPP,SK016125,12,CD3,16.1439
LOT1,LOT1,01,2025-05-11 12:52:00 AM,2025-05-11 03:52:00 AM,PPPP,SK036210,12,THK1_1_TOP,25.0953
LOT1,LOT1,01,2025-05-11 12:52:00 AM,2025-05-11 03:52:00 AM,PPPP,SK016125,13,CD1,10.548392454313207
LOT1,LOT1,01,2025-05-11 12:52:00 AM,2025-05-11 03:52:00 AM,PPPP,SK016125,13,CD3,15.8526
LOT1,LOT1,01,2025-05-11 12:52:00 AM,2025-05-11 03:52:00 AM,PPPP,SK036210,13,THK1_1_TOP,31.0352
LOT1,LOT1,02,2025-05-25 08:20:00 AM,2025-05-25 11:20:00 AM,PPPP,SK016125,1,CD1,10.11734395106844
LOT1,LOT1,02,2025-05-25 08:20:00 AM,2025-05-25 11:20:00 AM,PPPP,SK016125,1,CD3,16.3711
LOT1,LOT1,02,2025-05-25 08:20:00 AM,2025-05-25 11:20:00 AM,PPPP,SK036210,1,THK1_1_TOP,25.0057
LOT1,LOT1,02,2025-05-25 08:20:00 AM,2025-05-25 11:20:00 AM,PPPP,SK016125,2,CD1,10.155016433497394
LOT1,LOT1,02,2025-05-25 08:20:00 AM,2025-05-25 11:20:00 AM,PPPP,SK016125,2,CD3,16.4707
LOT1,LOT1,02,2025-05-25 08:20:00 AM,2025-05-25 11:20:00 AM,PPPP,SK036210,2,THK1_1_TOP,29.3876
LOT1,LOT1,02,2025-05-25 08:20:00 AM,2025-05-25 11:20:00 AM,PPPP,SK016125,3,CD1,10.387542494151806
LOT1,LOT1,02,2025-05-25 08:20:00 AM,2025-05-25 11:20:00 AM,PPPP,SK016125,3,CD3,16.3197
LOT1,LOT1,02,2025-05-25 08:20:00 AM,2025-05-25 11:20:00 AM,PPPP,SK036210,3,THK1_1_TOP,26.0917
LOT1,LOT1,02,2025-05-25 08:20:00 AM,2025-05-25 11:20:00 AM,PPPP,SK016125,4,CD1,10.297433775933115
LOT1,LOT1,02,2025-05-25 08:20:00 AM,2025-05-25 11:20:00 AM,PPPP,SK016125,4,CD3,16.0817
LOT1,LOT1,02,2025-05-25 08:20:00 AM,2025-05-25 11:20:00 AM,PPPP,SK036210,4,THK1_1_TOP,22.936
LOT1,LOT1,02,2025-05-25 08:20:00 AM,2025-05-25 11:20:00 AM,PPPP,SK016125,5,CD1,10.562849466519054
LOT1,LOT1,02,2025-05-25 08:20:00 AM,2025-05-25 11:20:00 AM,PPPP,SK016125,5,CD3,15.7677
LOT1,LOT1,02,2025-05-25 08:20:00 AM,2025-05-25 11:20:00 AM,PPPP,SK036210,5,THK1_1_TOP,27.7041
LOT1,LOT1,02,2025-05-25 08:20:00 AM,2025-05-25 11:20:00 AM,PPPP,SK016125,6,CD1,10.318395184895758
LOT1,LOT1,02,2025-05-25 08:20:00 AM,2025-05-25 11:20:00 AM,PPPP,SK016125,6,CD3,15.4809
LOT1,LOT1,02,2025-05-25 08:20:00 AM,2025-05-25 11:20:00 AM,PPPP,SK036210,6,THK1_1_TOP,22.8297
LOT1,LOT1,02,2025-05-25 08:20:00 AM,2025-05-25 11:20:00 AM,PPPP,SK016125,7,CD1,10.217539259732941
LOT1,LOT1,02,2025-05-25 08:20:00 AM,2025-05-25 11:20:00 AM,PPPP,SK016125,7,CD3,15.8022
LOT1,LOT1,02,2025-05-25 08:20:00 AM,2025-05-25 11:20:00 AM,PPPP,SK036210,7,THK1_1_TOP,25.1129
LOT1,LOT1,02,2025-05-25 08:20:00 AM,2025-05-25 11:20:00 AM,PPPP,SK016125,8,CD1,10.79312975378431
LOT1,LOT1,02,2025-05-25 08:20:00 AM,2025-05-25 11:20:00 AM,PPPP,SK016125,8,CD3,16.7921
LOT1,LOT1,02,2025-05-25 08:20:00 AM,2025-05-25 11:20:00 AM,PPPP,SK036210,8,THK1_1_TOP,26.7247
LOT1,LOT1,02,2025-05-25 08:20:00 AM,2025-05-25 11:20:00 AM,PPPP,SK016125,9,CD1,10.454844739902693
LOT1,LOT1,02,2025-05-25 08:20:00 AM,2025-05-25 11:20:00 AM,PPPP,SK016125,9,CD3,15.3427
LOT1,LOT1,02,2025-05-25 08:20:00 AM,2025-05-25 11:20:00 AM,PPPP,SK036210,9,THK1_1_TOP,23.9061
LOT1,LOT1,02,2025-05-25 08:20:00 AM,2025-05-25 11:20:00 AM,PPPP,SK016125,10,CD1,10.513505640937584
LOT1,LOT1,02,2025-05-25 08:20:00 AM,2025-05-25 11:20:00 AM,PPPP,SK016125,10,CD3,15.6856
LOT1,LOT1,02,2025-05-25 08:20:00 AM,2025-05-25 11:20:00 AM,PPPP,SK036210,10,THK1_1_TOP,22.6004
LOT1,LOT1,02,2025-05-25 08:20:00 AM,2025-05-25 11:20:00 AM,PPPP,SK016125,11,CD1,10.215050362757308
LOT1,LOT1,02,2025-05-25 08:20:00 AM,2025-05-25 11:20:00 AM,PPPP,SK016125,11,CD3,15.4897
LOT1,LOT1,02,2025-05-25 08:20:00 AM,2025-05-25 11:20:00 AM,PPPP,SK036210,11,THK1_1_TOP,27.6223
LOT1,LOT1,02,2025-05-25 08:20:00 AM,2025-05-25 11:20:00 AM,PPPP,SK016125,12,CD1,10.391123455094963
LOT1,LOT1,02,2025-05-25 08:20:00 AM,2025-05-25 11:20:00 AM,PPPP,SK016125,12,CD3,15.7974
LOT1,LOT1,02,2025-05-25 08:20:00 AM,2025-05-25 11:20:00 AM,PPPP,SK036210,12,THK1_1_TOP,24.9838
LOT1,LOT1,02,2025-05-25 08:20:00 AM,2025-05-25 11:20:00 AM,PPPP,SK016125,13,CD1,10.522184517941973
LOT1,LOT1,02,2025-05-25 08:20:00 AM,2025-05-25 11:20:00 AM,PPPP,SK016125,13,CD3,16.0017
LOT1,LOT1,02,2025-05-25 08:20:00 AM,2025-05-25 11:20:00 AM,PPPP,SK036210,13,THK1_1_TOP,26.6211
LOT1,LOT1,03,2025-05-20 09:00:00 AM,2025-05-20 12:00:00 PM,PPPP,SK016125,1,CD1,10.26980128451554
LOT1,LOT1,03,2025-05-20 09:00:00 AM,2025-05-20 12:00:00 PM,PPPP,SK016125,1,CD3,15.7525
LOT1,LOT1,03,2025-05-20 09:00:00 AM,2025-05-20 12:00:00 PM,PPPP,SK036210,1,THK1_1_TOP,26.0619
LOT1,LOT1,03,2025-05-20 09:00:00 AM,2025-05-20 12:00:00 PM,PPPP,SK016125,2,CD1,10.575139603669134
LOT1,LOT1,03,2025-05-20 09:00:00 AM,2025-05-20 12:00:00 PM,PPPP,SK016125,2,CD3,16.5719
LOT1,LOT1,03,2025-05-20 09:00:00 AM,2025-05-20 12:00:00 PM,PPPP,SK036210,2,THK1_1_TOP,26.7485
LOT1,LOT1,03,2025-05-20 09:00:00 AM,2025-05-20 12:00:00 PM,PPPP,SK016125,3,CD1,10.379872262016239
LOT1,LOT1,03,2025-05-20 09:00:00 AM,2025-05-20 12:00:00 PM,PPPP,SK016125,3,CD3,16.5604
LOT1,LOT1,03,2025-05-20 09:00:00 AM,2025-05-20 12:00:00 PM,PPPP,SK036210,3,THK1_1_TOP,27.384
LOT1,LOT1,03,2025-05-20 09:00:00 AM,2025-05-20 12:00:00 PM,PPPP,SK016125,4,CD1,10.441661250041344
LOT1,LOT1,03,2025-05-20 09:00:00 AM,2025-05-20 12:00:00 PM,PPPP,SK016125,4,CD3,15.5784
LOT1,LOT1,03,2025-05-20 09:00:00 AM,2025-05-20 12:00:00 PM,PPPP,SK036210,4,THK1_1_TOP,26.0144
LOT1,LOT1,03,2025-05-20 09:00:00 AM,2025-05-20 12:00:00 PM,PPPP,SK016125,5,CD1,10.37965867755412
LOT1,LOT1,03,2025-05-20 09:00:00 AM,2025-05-20 12:00:00 PM,PPPP,SK016125,5,CD3,15.641
LOT1,LOT1,03,2025-05-20 09:00:00 AM,2025-05-20 12:00:00 PM,PPPP,SK036210,5,THK1_1_TOP,22.9006
LOT1,LOT1,03,2025-05-20 09:00:00 AM,2025-05-20 12:00:00 PM,PPPP,SK016125,6,CD1,10.870455636901788
LOT1,LOT1,03,2025-05-20 09:00:00 AM,2025-05-20 12:00:00 PM,PPPP,SK016125,6,CD3,15.885
LOT1,LOT1,03,2025-05-20 09:00:00 AM,2025-05-20 12:00:00 PM,PPPP,SK036210,6,THK1_1_TOP,24.1326
LOT1,LOT1,03,2025-05-20 09:00:00 AM,2025-05-20 12:00:00 PM,PPPP,SK016125,7,CD1,10.497300555052414
LOT1,LOT1,03,2025-05-20 09:00:00 AM,2025-05-20 12:00:00 PM,PPPP,SK016125,7,CD3,15.8939
LOT1,LOT1,03,2025-05-20 09:00:00 AM,2025-05-20 12:00:00 PM,PPPP,SK036210,7,THK1_1_TOP,23.8461
LOT1,LOT1,03,2025-05-20 09:00:00 AM,2025-05-20 12:00:00 PM,PPPP,SK016125,8,CD1,10.28845781420882
LOT1,LOT1,03,2025-05-20 09:00:00 AM,2025-05-20 12:00:00 PM,PPPP,SK016125,8,CD3,16.4097
LOT1,LOT1,03,2025-05-20 09:00:00 AM,2025-05-20 12:00:00 PM,PPPP,SK036210,8,THK1_1_TOP,22.9855
LOT1,LOT1,03,2025-05-20 09:00:00 AM,2025-05-20 12:00:00 PM,PPPP,SK016125,9,CD1,10.664508982420639
LOT1,LOT1,03,2025-05-20 09:00:00 AM,2025-05-20 12:00:00 PM,PPPP,SK016125,9,CD3,16.0852
LOT1,LOT1,03,2025-05-20 09:00:00 AM,2025-05-20 12:00:00 PM,PPPP,SK036210,9,THK1_1_TOP,22.6992
LOT1,LOT1,03,2025-05-20 09:00:00 AM,2025-05-20 12:00:00 PM,PPPP,SK016125,10,CD1,10.255831270005796
LOT1,LOT1,03,2025-05-20 09:00:00 AM,2025-05-20 12:00:00 PM,PPPP,SK016125,10,CD3,16.1034
LOT1,LOT1,03,2025-05-20 09:00:00 AM,2025-05-20 12:00:00 PM,PPPP,SK036210,10,THK1_1_TOP,24.0206
LOT1,LOT1,03,2025-05-20 09:00:00 AM,2025-05-20 12:00:00 PM,PPPP,SK016125,11,CD1,10.541772719000951
LOT1,LOT1,03,2025-05-20 09:00:00 AM,2025-05-20 12:00:00 PM,PPPP,SK016125,11,CD3,15.9701
LOT1,LOT1,03,2025-05-20 09:00:00 AM,2025-05-20 12:00:00 PM,PPPP,SK036210,11,THK1_1_TOP,26.8535
LOT1,LOT1,03,2025-05-20 09:00:00 AM,2025-05-20 12:00:00 PM,PPPP,SK016125,12,CD1,10.108065975224045
LOT1,LOT1,03,2025-05-20 09:00:00 AM,2025-05-20 12:00:00 PM,PPPP,SK016125,12,CD3,15.6557
LOT1,LOT1,03,2025-05-20 09:00:00 AM,2025-05-20 12:00:00 PM,PPPP,SK036210,12,THK1_1_TOP,21.7393
LOT1,LOT1,03,2025-05-20 09:00:00 AM,2025-05-20 12:00:00 PM,PPPP,SK016125,13,CD1,10.234362790220313
LOT1,LOT1,03,2025-05-20 09:00:00 AM,2025-05-20 12:00:00 PM,PPPP,SK016125,13,CD3,16.1662
LOT1,LOT1,03,2025-05-20 09:00:00 AM,2025-05-20 12:00:00 PM,PPPP,SK036210,13,THK1_1_TOP,28.1067
LOT1,LOT1,04,2025-05-22 07:47:00 AM,2025-05-22 10:47:00 AM,PPPP,SK016125,1,CD1,10.539372247173825
LOT1,LOT1,04,2025-05-22 07:47:00 AM,2025-05-22 10:47:00 AM,PPPP,SK016125,1,CD3,15.9093
LOT1,LOT1,04,2025-05-22 07:47:00 AM,2025-05-22 10:47:00 AM,PPPP,SK036210,1,THK1_1_TOP,23.1074
LOT1,LOT1,04,2025-05-22 07:47:00 AM,2025-05-22 10:47:00 AM,PPPP,SK016125,2,CD1,10.647693315999081
LOT1,LOT1,04,2025-05-22 07:47:00 AM,2025-05-22 10:47:00 AM,PPPP,SK016125,2,CD3,16.8285
LOT1,LOT1,04,2025-05-22 07:47:00 AM,2025-05-22 10:47:00 AM,PPPP,SK036210,2,THK1_1_TOP,25.4052
LOT1,LOT1,04,2025-05-22 07:47:00 AM,2025-05-22 10:47:00 AM,PPPP,SK016125,3,CD1,10.534273656237994
LOT1,LOT1,04,2025-05-22 07:47:00 AM,2025-05-22 10:47:00 AM,PPPP,SK016125,3,CD3,16.1373
LOT1,LOT1,04,2025-05-22 07:47:00 AM,2025-05-22 10:47:00 AM,PPPP,SK036210,3,THK1_1_TOP,27.2665
LOT1,LOT1,04,2025-05-22 07:47:00 AM,2025-05-22 10:47:00 AM,PPPP,SK016125,4,CD1,10.476870343522352
LOT1,LOT1,04,2025-05-22 07:47:00 AM,2025-05-22 10:47:00 AM,PPPP,SK016125,4,CD3,15.8047
LOT1,LOT1,04,2025-05-22 07:47:00 AM,2025-05-22 10:47:00 AM,PPPP,SK036210,4,THK1_1_TOP,26.1864
LOT1,LOT1,04,2025-05-22 07:47:00 AM,2025-05-22 10:47:00 AM,PPPP,SK016125,5,CD1,10.439779260882142
LOT1,LOT1,04,2025-05-22 07:47:00 AM,2025-05-22 10:47:00 AM,PPPP,SK016125,5,CD3,15.6727
LOT1,LOT1,04,2025-05-22 07:47:00 AM,2025-05-22 10:47:00 AM,PPPP,SK036210,5,THK1_1_TOP,18.9001
LOT1,LOT1,04,2025-05-22 07:47:00 AM,2025-05-22 10:47:00 AM,PPPP,SK016125,6,CD1,10.204295601926514
LOT1,LOT1,04,2025-05-22 07:47:00 AM,2025-05-22 10:47:00 AM,PPPP,SK016125,6,CD3,16.4041
LOT1,LOT1,04,2025-05-22 07:47:00 AM,2025-05-22 10:47:00 AM,PPPP,SK036210,6,THK1_1_TOP,20.2483
LOT1,LOT1,04,2025-05-22 07:47:00 AM,2025-05-22 10:47:00 AM,PPPP,SK016125,7,CD1,10.35603115832106
LOT1,LOT1,04,2025-05-22 07:47:00 AM,2025-05-22 10:47:00 AM,PPPP,SK016125,7,CD3,16.0624
LOT1,LOT1,04,2025-05-22 07:47:00 AM,2025-05-22 10:47:00 AM,PPPP,SK036210,7,THK1_1_TOP,24.6521
LOT1,LOT1,04,2025-05-22 07:47:00 AM,2025-05-22 10:47:00 AM,PPPP,SK016125,8,CD1,10.407872245808042
LOT1,LOT1,04,2025-05-22 07:47:00 AM,2025-05-22 10:47:00 AM,PPPP,SK016125,8,CD3,15.5085
LOT1,LOT1,04,2025-05-22 07:47:00 AM,2025-05-22 10:47:00 AM,PPPP,SK036210,8,THK1_1_TOP,24.0251
LOT1,LOT1,04,2025-05-22 07:47:00 AM,2025-05-22 10:47:00 AM,PPPP,SK016125,9,CD1,10.711424445243782
LOT1,LOT1,04,2025-05-22 07:47:00 AM,2025-05-22 10:47:00 AM,PPPP,SK016125,9,CD3,15.5228
LOT1,LOT1,04,2025-05-22 07:47:00 AM,2025-05-22 10:47:00 AM,PPPP,SK036210,9,THK1_1_TOP,29.4307
LOT1,LOT1,04,2025-05-22 07:47:00 AM,2025-05-22 10:47:00 AM,PPPP,SK016125,10,CD1,10.568723657913692
LOT1,LOT1,04,2025-05-22 07:47:00 AM,2025-05-22 10:47:00 AM,PPPP,SK016125,10,CD3,16.3398
LOT1,LOT1,04,2025-05-22 07:47:00 AM,2025-05-22 10:47:00 AM,PPPP,SK036210,10,THK1_1_TOP,23.8811
LOT1,LOT1,04,2025-05-22 07:47:00 AM,2025-05-22 10:47:00 AM,PPPP,SK016125,11,CD1,10.147391968927453
LOT1,LOT1,04,2025-05-22 07:47:00 AM,2025-05-22 10:47:00 AM,PPPP,SK016125,11,CD3,15.8012
LOT1,LOT1,04,2025-05-22 07:47:00 AM,2025-05-22 10:47:00 AM,PPPP,SK036210,11,THK1_1_TOP,26.6348
LOT1,LOT1,04,2025-05-22 07:47:00 AM,2025-05-22 10:47:00 AM,PPPP,SK016125,12,CD1,10.56481679387896
LOT1,LOT1,04,2025-05-22 07:47:00 AM,2025-05-22 10:47:00 AM,PPPP,SK016125,12,CD3,16.4474
LOT1,LOT1,04,2025-05-22 07:47:00 AM,2025-05-22 10:47:00 AM,PPPP,SK036210,12,THK1_1_TOP,29.3072
LOT1,LOT1,04,2025-05-22 07:47:00 AM,2025-05-22 10:47:00 AM,PPPP,SK016125,13,CD1,10.422983543916736
LOT1,LOT1,04,2025-05-22 07:47:00 AM,2025-05-22 10:47:00 AM,PPPP,SK016125,13,CD3,15.4975
LOT1,LOT1,04,2025-05-22 07:47:00 AM,2025-05-22 10:47:00 AM,PPPP,SK036210,13,THK1_1_TOP,21.0856
LOT2,LOT2,01,2025-05-09 01:56:00 AM,2025-05-09 04:56:00 AM,PPPP,SK016125,1,CD1,10.364615599938809
LOT2,LOT2,01,2025-05-09 01:56:00 AM,2025-05-09 04:56:00 AM,PPPP,SK016125,1,CD3,16.4417
LOT2,LOT2,01,2025-05-09 01:56:00 AM,2025-05-09 04:56:00 AM,PPPP,SK036210,1,THK1_1_TOP,26.6811
LOT2,LOT2,01,2025-05-09 01:56:00 AM,2025-05-09 04:56:00 AM,PPPP,SK016125,2,CD1,10.622335257768174
LOT2,LOT2,01,2025-05-09 01:56:00 AM,2025-05-09 04:56:00 AM,PPPP,SK016125,2,CD3,15.9956
LOT2,LOT2,01,2025-05-09 01:56:00 AM,2025-05-09 04:56:00 AM,PPPP,SK036210,2,THK1_1_TOP,29.2129
LOT2,LOT2,01,2025-05-09 01:56:00 AM,2025-05-09 04:56:00 AM,PPPP,SK016125,3,CD1,10.70619990449919
LOT2,LOT2,01,2025-05-09 01:56:00 AM,2025-05-09 04:56:00 AM,PPPP,SK016125,3,CD3,16.1038
LOT2,LOT2,01,2025-05-09 01:56:00 AM,2025-05-09 04:56:00 AM,PPPP,SK036210,3,THK1_1_TOP,17.0222
LOT2,LOT2,01,2025-05-09 01:56:00 AM,2025-05-09 04:56:00 AM,PPPP,SK016125,4,CD1,10.68625602382324
LOT2,LOT2,01,2025-05-09 01:56:00 AM,2025-05-09 04:56:00 AM,PPPP,SK016125,4,CD3,16.3739
LOT2,LOT2,01,2025-05-09 01:56:00 AM,2025-05-09 04:56:00 AM,PPPP,SK036210,4,THK1_1_TOP,25.6739
LOT2,LOT2,01,2025-05-09 01:56:00 AM,2025-05-09 04:56:00 AM,PPPP,SK016125,5,CD1,10.332156495355472
LOT2,LOT2,01,2025-05-09 01:56:00 AM,2025-05-09 04:56:00 AM,PPPP,SK016125,5,CD3,16.1428
LOT2,LOT2,01,2025-05-09 01:56:00 AM,2025-05-09 04:56:00 AM,PPPP,SK036210,5,THK1_1_TOP,21.2961
LOT2,LOT2,01,2025-05-09 01:56:00 AM,2025-05-09 04:56:00 AM,PPPP,SK016125,6,CD1,10.438157524829757
LOT2,LOT2,01,2025-05-09 01:56:00 AM,2025-05-09 04:56:00 AM,PPPP,SK016125,6,CD3,15.8715
LOT2,LOT2,01,2025-05-09 01:56:00 AM,2025-05-09 04:56:00 AM,PPPP,SK036210,6,THK1_1_TOP,28.1962
LOT2,LOT2,01,2025-05-09 01:56:00 AM,2025-05-09 04:56:00 AM,PPPP,SK016125,7,CD1,10.566252686280713
LOT2,LOT2,01,2025-05-09 01:56:00 AM,2025-05-09 04:56:00 AM,PPPP,SK016125,7,CD3,16.1824
LOT2,LOT2,01,2025-05-09 01:56:00 AM,2025-05-09 04:56:00 AM,PPPP,SK036210,7,THK1_1_TOP,25.9111
LOT2,LOT2,01,2025-05-09 01:56:00 AM,2025-05-09 04:56:00 AM,PPPP,SK016125,8,CD1,10.695109025424472
LOT2,LOT2,01,2025-05-09 01:56:00 AM,2025-05-09 04:56:00 AM,PPPP,SK016125,8,CD3,15.9833
LOT2,LOT2,01,2025-05-09 01:56:00 AM,2025-05-09 04:56:00 AM,PPPP,SK036210,8,THK1_1_TOP,19.7357
LOT2,LOT2,01,2025-05-09 01:56:00 AM,2025-05-09 04:56:00 AM,PPPP,SK016125,9,CD1,10.404165152430942
LOT2,LOT2,01,2025-05-09 01:56:00 AM,2025-05-09 04:56:00 AM,PPPP,SK016125,9,CD3,16.8552
LOT2,LOT2,01,2025-05-09 01:56:00 AM,2025-05-09 04:56:00 AM,PPPP,SK036210,9,THK1_1_TOP,27.1372
LOT2,LOT2,01,2025-05-09 01:56:00 AM,2025-05-09 04:56:00 AM,PPPP,SK016125,10,CD1,10.462868204667236
LOT2,LOT2,01,2025-05-09 01:56:00 AM,2025-05-09 04:56:00 AM,PPPP,SK016125,10,CD3,15.5672
LOT2,LOT2,01,2025-05-09 01:56:00 AM,2025-05-09 04:56:00 AM,PPPP,SK036210,10,THK1_1_TOP,22.1411
LOT2,LOT2,01,2025-05-09 01:56:00 AM,2025-05-09 04:56:00 AM,PPPP,SK016125,11,CD1,10.278733005198795
LOT2,LOT2,01,2025-05-09 01:56:00 AM,2025-05-09 04:56:00 AM,PPPP,SK016125,11,CD3,15.8691
LOT2,LOT2,01,2025-05-09 01:56:00 AM,2025-05-09 04:56:00 AM,PPPP,SK036210,11,THK1_1_TOP,23.0121
LOT2,LOT2,01,2025-05-09 01:56:00 AM,2025-05-09 04:56:00 AM,PPPP,SK016125,12,CD1,10.260758675183865
LOT2,LOT2,01,2025-05-09 01:56:00 AM,2025-05-09 04:56:00 AM,PPPP,SK016125,12,CD3,15.8732
LOT2,LOT2,01,2025-05-09 01:56:00 AM,2025-05-09 04:56:00 AM,PPPP,SK036210,12,THK1_1_TOP,29.703
LOT2,LOT2,01,2025-05-09 01:56:00 AM,2025-05-09 04:56:00 AM,PPPP,SK016125,13,CD1,10.662505164478839
LOT2,LOT2,01,2025-05-09 01:56:00 AM,2025-05-09 04:56:00 AM,PPPP,SK016125,13,CD3,16.4723
LOT2,LOT2,01,2025-05-09 01:56:00 AM,2025-05-09 04:56:00 AM,PPPP,SK036210,13,THK1_1_TOP,25.3663
LOT2,LOT2,02,2025-05-07 05:02:00 PM,2025-05-07 08:02:00 PM,PPPP,SK016125,1,CD1,10.771248005714165
LOT2,LOT2,02,2025-05-07 05:02:00 PM,2025-05-07 08:02:00 PM,PPPP,SK016125,1,CD3,16.633
LOT2,LOT2,02,2025-05-07 05:02:00 PM,2025-05-07 08:02:00 PM,PPPP,SK036210,1,THK1_1_TOP,25.2544
LOT2,LOT2,02,2025-05-07 05:02:00 PM,2025-05-07 08:02:00 PM,PPPP,SK016125,2,CD1,10.485597975683934
LOT2,LOT2,02,2025-05-07 05:02:00 PM,2025-05-07 08:02:00 PM,PPPP,SK016125,2,CD3,16.0265
LOT2,LOT2,02,2025-05-07 05:02:00 PM,2025-05-07 08:02:00 PM,PPPP,SK036210,2,THK1_1_TOP,24.7157
LOT2,LOT2,02,2025-05-07 05:02:00 PM,2025-05-07 08:02:00 PM,PPPP,SK016125,3,CD1,10.700706579578405
LOT2,LOT2,02,2025-05-07 05:02:00 PM,2025-05-07 08:02:00 PM,PPPP,SK016125,3,CD3,16.621
LOT2,LOT2,02,2025-05-07 05:02:00 PM,2025-05-07 08:02:00 PM,PPPP,SK036210,3,THK1_1_TOP,25.7374
LOT2,LOT2,02,2025-05-07 05:02:00 PM,2025-05-07 08:02:00 PM,PPPP,SK016125,4,CD1,10.572327205009527
LOT2,LOT2,02,2025-05-07 05:02:00 PM,2025-05-07 08:02:00 PM,PPPP,SK016125,4,CD3,15.173
LOT2,LOT2,02,2025-05-07 05:02:00 PM,2025-05-07 08:02:00 PM,PPPP,SK036210,4,THK1_1_TOP,18.0172
LOT2,LOT2,02,2025-05-07 05:02:00 PM,2025-05-07 08:02:00 PM,PPPP,SK016125,5,CD1,10.370976049078974
LOT2,LOT2,02,2025-05-07 05:02:00 PM,2025-05-07 08:02:00 PM,PPPP,SK016125,5,CD3,15.7524
LOT2,LOT2,02,2025-05-07 05:02:00 PM,2025-05-07 08:02:00 PM,PPPP,SK036210,5,THK1_1_TOP,23.6353
LOT2,LOT2,02,2025-05-07 05:02:00 PM,2025-05-07 08:02:00 PM,PPPP,SK016125,6,CD1,10.572279121101683
LOT2,LOT2,02,2025-05-07 05:02:00 PM,2025-05-07 08:02:00 PM,PPPP,SK016125,6,CD3,15.7936
LOT2,LOT2,02,2025-05-07 05:02:00 PM,2025-05-07 08:02:00 PM,PPPP,SK036210,6,THK1_1_TOP,26.6396
LOT2,LOT2,02,2025-05-07 05:02:00 PM,2025-05-07 08:02:00 PM,PPPP,SK016125,7,CD1,10.807607313293193
LOT2,LOT2,02,2025-05-07 05:02:00 PM,2025-05-07 08:02:00 PM,PPPP,SK016125,7,CD3,15.9663
LOT2,LOT2,02,2025-05-07 05:02:00 PM,2025-05-07 08:02:00 PM,PPPP,SK036210,7,THK1_1_TOP,20.2817
LOT2,LOT2,02,2025-05-07 05:02:00 PM,2025-05-07 08:02:00 PM,PPPP,SK016125,8,CD1,10.49283479217801
LOT2,LOT2,02,2025-05-07 05:02:00 PM,2025-05-07 08:02:00 PM,PPPP,SK016125,8,CD3,16.241
LOT2,LOT2,02,2025-05-07 05:02:00 PM,2025-05-07 08:02:00 PM,PPPP,SK036210,8,THK1_1_TOP,22.9539
LOT2,LOT2,02,2025-05-07 05:02:00 PM,2025-05-07 08:02:00 PM,PPPP,SK016125,9,CD1,10.8129287311628
LOT2,LOT2,02,2025-05-07 05:02:00 PM,2025-05-07 08:02:00 PM,PPPP,SK016125,9,CD3,16.9386
LOT2,LOT2,02,2025-05-07 05:02:00 PM,2025-05-07 08:02:00 PM,PPPP,SK036210,9,THK1_1_TOP,26.9692
LOT2,LOT2,02,2025-05-07 05:02:00 PM,2025-05-07 08:02:00 PM,PPPP,SK016125,10,CD1,10.0
LOT2,LOT2,02,2025-05-07 05:02:00 PM,2025-05-07 08:02:00 PM,PPPP,SK016125,10,CD3,16.2883
LOT2,LOT2,02,2025-05-07 05:02:00 PM,2025-05-07 08:02:00 PM,PPPP,SK036210,10,THK1_1_TOP,23.3972
LOT2,LOT2,02,2025-05-07 05:02:00 PM,2025-05-07 08:02:00 PM,PPPP,SK016125,11,CD1,10.664380500875044
LOT2,LOT2,02,2025-05-07 05:02:00 PM,2025-05-07 08:02:00 PM,PPPP,SK016125,11,CD3,16.8053
LOT2,LOT2,02,2025-05-07 05:02:00 PM,2025-05-07 08:02:00 PM,PPPP,SK036210,11,THK1_1_TOP,23.4293
LOT2,LOT2,02,2025-05-07 05:02:00 PM,2025-05-07 08:02:00 PM,PPPP,SK016125,12,CD1,10.517409413647634
LOT2,LOT2,02,2025-05-07 05:02:00 PM,2025-05-07 08:02:00 PM,PPPP,SK016125,12,CD3,15.5463
LOT2,LOT2,02,2025-05-07 05:02:00 PM,2025-05-07 08:02:00 PM,PPPP,SK036210,12,THK1_1_TOP,24.3474
LOT2,LOT2,02,2025-05-07 05:02:00 PM,2025-05-07 08:02:00 PM,PPPP,SK016125,13,CD1,10.440198529906827
LOT2,LOT2,02,2025-05-07 05:02:00 PM,2025-05-07 08:02:00 PM,PPPP,SK016125,13,CD3,16.6696
LOT2,LOT2,02,2025-05-07 05:02:00 PM,2025-05-07 08:02:00 PM,PPPP,SK036210,13,THK1_1_TOP,25.6491
LOT2,LOT2,03,2025-05-04 02:15:00 AM,2025-05-04 05:15:00 AM,PPPP,SK016125,1,CD1,10.5183521553071
LOT2,LOT2,03,2025-05-04 02:15:00 AM,2025-05-04 05:15:00 AM,PPPP,SK016125,1,CD3,15.8805
LOT2,LOT2,03,2025-05-04 02:15:00 AM,2025-05-04 05:15:00 AM,PPPP,SK036210,1,THK1_1_TOP,21.5794
LOT2,LOT2,03,2025-05-04 02:15:00 AM,2025-05-04 05:15:00 AM,PPPP,SK016125,2,CD1,10.102486217079822
LOT2,LOT2,03,2025-05-04 02:15:00 AM,2025-05-04 05:15:00 AM,PPPP,SK016125,2,CD3,15.6368
LOT2,LOT2,03,2025-05-04 02:15:00 AM,2025-05-04 05:15:00 AM,PPPP,SK036210,2,THK1_1_TOP,26.0426
LOT2,LOT2,03,2025-05-04 02:15:00 AM,2025-05-04 05:15:00 AM,PPPP,SK016125,3,CD1,10.456065622432497
LOT2,LOT2,03,2025-05-04 02:15:00 AM,2025-05-04 05:15:00 AM,PPPP,SK016125,3,CD3,16.2413
LOT2,LOT2,03,2025-05-04 02:15:00 AM,2025-05-04 05:15:00 AM,PPPP,SK036210,3,THK1_1_TOP,20.534
LOT2,LOT2,03,2025-05-04 02:15:00 AM,2025-05-04 05:15:00 AM,PPPP,SK016125,4,CD1,10.57142251430235
LOT2,LOT2,03,2025-05-04 02:15:00 AM,2025-05-04 05:15:00 AM,PPPP,SK016125,4,CD3,15.5896
LOT2,LOT2,03,2025-05-04 02:15:00 AM,2025-05-04 05:15:00 AM,PPPP,SK036210,4,THK1_1_TOP,26.2044
LOT2,LOT2,03,2025-05-04 02:15:00 AM,2025-05-04 05:15:00 AM,PPPP,SK016125,5,CD1,10.795578808948303
LOT2,LOT2,03,2025-05-04 02:15:00 AM,2025-05-04 05:15:00 AM,PPPP,SK016125,5,CD3,15.5311
LOT2,LOT2,03,2025-05-04 02:15:00 AM,2025-05-04 05:15:00 AM,PPPP,SK036210,5,THK1_1_TOP,27.9041
LOT2,LOT2,03,2025-05-04 02:15:00 AM,2025-05-04 05:15:00 AM,PPPP,SK016125,6,CD1,10.39634595634527
LOT2,LOT2,03,2025-05-04 02:15:00 AM,2025-05-04 05:15:00 AM,PPPP,SK016125,6,CD3,16.3339
LOT2,LOT2,03,2025-05-04 02:15:00 AM,2025-05-04 05:15:00 AM,PPPP,SK036210,6,THK1_1_TOP,24.5115
LOT2,LOT2,03,2025-05-04 02:15:00 AM,2025-05-04 05:15:00 AM,PPPP,SK016125,7,CD1,10.338301279421362
LOT2,LOT2,03,2025-05-04 02:15:00 AM,2025-05-04 05:15:00 AM,PPPP,SK016125,7,CD3,15.9164
LOT2,LOT2,03,2025-05-04 02:15:00 AM,2025-05-04 05:15:00 AM,PPPP,SK036210,7,THK1_1_TOP,22.7178
LOT2,LOT2,03,2025-05-04 02:15:00 AM,2025-05-04 05:15:00 AM,PPPP,SK016125,8,CD1,10.399648591283093
LOT2,LOT2,03,2025-05-04 02:15:00 AM,2025-05-04 05:15:00 AM,PPPP,SK016125,8,CD3,15.5446
LOT2,LOT2,03,2025-05-04 02:15:00 AM,2025-05-04 05:15:00 AM,PPPP,SK036210,8,THK1_1_TOP,19.3309
LOT2,LOT2,03,2025-05-04 02:15:00 AM,2025-05-04 05:15:00 AM,PPPP,SK016125,9,CD1,10.683080423540416
LOT2,LOT2,03,2025-05-04 02:15:00 AM,2025-05-04 05:15:00 AM,PPPP,SK016125,9,CD3,16.0085
LOT2,LOT2,03,2025-05-04 02:15:00 AM,2025-05-04 05:15:00 AM,PPPP,SK036210,9,THK1_1_TOP,23.2865
LOT2,LOT2,03,2025-05-04 02:15:00 AM,2025-05-04 05:15:00 AM,PPPP,SK016125,10,CD1,10.565750221931937
LOT2,LOT2,03,2025-05-04 02:15:00 AM,2025-05-04 05:15:00 AM,PPPP,SK016125,10,CD3,16.1159
LOT2,LOT2,03,2025-05-04 02:15:00 AM,2025-05-04 05:15:00 AM,PPPP,SK036210,10,THK1_1_TOP,22.0295
LOT2,LOT2,03,2025-05-04 02:15:00 AM,2025-05-04 05:15:00 AM,PPPP,SK016125,11,CD1,10.394047959246592
LOT2,LOT2,03,2025-05-04 02:15:00 AM,2025-05-04 05:15:00 AM,PPPP,SK016125,11,CD3,16.706
LOT2,LOT2,03,2025-05-04 02:15:00 AM,2025-05-04 05:15:00 AM,PPPP,SK036210,11,THK1_1_TOP,26.9536
LOT2,LOT2,03,2025-05-04 02:15:00 AM,2025-05-04 05:15:00 AM,PPPP,SK016125,12,CD1,10.602653486622671
LOT2,LOT2,03,2025-05-04 02:15:00 AM,2025-05-04 05:15:00 AM,PPPP,SK016125,12,CD3,15.4901
LOT2,LOT2,03,2025-05-04 02:15:00 AM,2025-05-04 05:15:00 AM,PPPP,SK036210,12,THK1_1_TOP,25.4555
LOT2,LOT2,03,2025-05-04 02:15:00 AM,2025-05-04 05:15:00 AM,PPPP,SK016125,13,CD1,10.519415509869608
LOT2,LOT2,03,2025-05-04 02:15:00 AM,2025-05-04 05:15:00 AM,PPPP,SK016125,13,CD3,15.1993
LOT2,LOT2,03,2025-05-04 02:15:00 AM,2025-05-04 05:15:00 AM,PPPP,SK036210,13,THK1_1_TOP,26.5971
LOT2,LOT2,04,2025-05-05 07:37:00 PM,2025-05-05 10:37:00 PM,PPPP,SK016125,1,CD1,10.693728998106577
LOT2,LOT2,04,2025-05-05 07:37:00 PM,2025-05-05 10:37:00 PM,PPPP,SK016125,1,CD3,16.1802
LOT2,LOT2,04,2025-05-05 07:37:00 PM,2025-05-05 10:37:00 PM,PPPP,SK036210,1,THK1_1_TOP,25.7891
LOT2,LOT2,04,2025-05-05 07:37:00 PM,2025-05-05 10:37:00 PM,PPPP,SK016125,2,CD1,10.359589381224529
LOT2,LOT2,04,2025-05-05 07:37:00 PM,2025-05-05 10:37:00 PM,PPPP,SK016125,2,CD3,15.7351
LOT2,LOT2,04,2025-05-05 07:37:00 PM,2025-05-05 10:37:00 PM,PPPP,SK036210,2,THK1_1_TOP,26.5484
LOT2,LOT2,04,2025-05-05 07:37:00 PM,2025-05-05 10:37:00 PM,PPPP,SK016125,3,CD1,10.434467570680447
LOT2,LOT2,04,2025-05-05 07:37:00 PM,2025-05-05 10:37:00 PM,PPPP,SK016125,3,CD3,15.7995
LOT2,LOT2,04,2025-05-05 07:37:00 PM,2025-05-05 10:37:00 PM,PPPP,SK036210,3,THK1_1_TOP,21.9378
LOT2,LOT2,04,2025-05-05 07:37:00 PM,2025-05-05 10:37:00 PM,PPPP,SK016125,4,CD1,10.421578369373568
LOT2,LOT2,04,2025-05-05 07:37:00 PM,2025-05-05 10:37:00 PM,PPPP,SK016125,4,CD3,15.6533
LOT2,LOT2,04,2025-05-05 07:37:00 PM,2025-05-05 10:37:00 PM,PPPP,SK036210,4,THK1_1_TOP,25.6078
LOT2,LOT2,04,2025-05-05 07:37:00 PM,2025-05-05 10:37:00 PM,PPPP,SK016125,5,CD1,10.207297010373576
LOT2,LOT2,04,2025-05-05 07:37:00 PM,2025-05-05 10:37:00 PM,PPPP,SK016125,5,CD3,16.1757
LOT2,LOT2,04,2025-05-05 07:37:00 PM,2025-05-05 10:37:00 PM,PPPP,SK036210,5,THK1_1_TOP,26.9317
LOT2,LOT2,04,2025-05-05 07:37:00 PM,2025-05-05 10:37:00 PM,PPPP,SK016125,6,CD1,10.559224055412916
LOT2,LOT2,04,2025-05-05 07:37:00 PM,2025-05-05 10:37:00 PM,PPPP,SK016125,6,CD3,15.6083
LOT2,LOT2,04,2025-05-05 07:37:00 PM,2025-05-05 10:37:00 PM,PPPP,SK036210,6,THK1_1_TOP,25.239
LOT2,LOT2,04,2025-05-05 07:37:00 PM,2025-05-05 10:37:00 PM,PPPP,SK016125,7,CD1,10.552211054435977
LOT2,LOT2,04,2025-05-05 07:37:00 PM,2025-05-05 10:37:00 PM,PPPP,SK016125,7,CD3,16.2079
LOT2,LOT2,04,2025-05-05 07:37:00 PM,2025-05-05 10:37:00 PM,PPPP,SK036210,7,THK1_1_TOP,24.5766
LOT2,LOT2,04,2025-05-05 07:37:00 PM,2025-05-05 10:37:00 PM,PPPP,SK016125,8,CD1,10.501022691328492
LOT2,LOT2,04,2025-05-05 07:37:00 PM,2025-05-05 10:37:00 PM,PPPP,SK016125,8,CD3,15.8715
LOT2,LOT2,04,2025-05-05 07:37:00 PM,2025-05-05 10:37:00 PM,PPPP,SK036210,8,THK1_1_TOP,22.0509
LOT2,LOT2,04,2025-05-05 07:37:00 PM,2025-05-05 10:37:00 PM,PPPP,SK016125,9,CD1,10.45308257332497
LOT2,LOT2,04,2025-05-05 07:37:00 PM,2025-05-05 10:37:00 PM,PPPP,SK016125,9,CD3,16.2942
LOT2,LOT2,04,2025-05-05 07:37:00 PM,2025-05-05 10:37:00 PM,PPPP,SK036210,9,THK1_1_TOP,25.0889
LOT2,LOT2,04,2025-05-05 07:37:00 PM,2025-05-05 10:37:00 PM,PPPP,SK016125,10,CD1,10.216925851589917
LOT2,LOT2,04,2025-05-05 07:37:00 PM,2025-05-05 10:37:00 PM,PPPP,SK016125,10,CD3,16.2452
LOT2,LOT2,04,2025-05-05 07:37:00 PM,2025-05-05 10:37:00 PM,PPPP,SK036210,10,THK1_1_TOP,18.9405
LOT2,LOT2,04,2025-05-05 07:37:00 PM,2025-05-05 10:37:00 PM,PPPP,SK016125,11,CD1,10.415870935446929
LOT2,LOT2,04,2025-05-05 07:37:00 PM,2025-05-05 10:37:00 PM,PPPP,SK016125,11,CD3,15.5917
LOT2,LOT2,04,2025-05-05 07:37:00 PM,2025-05-05 10:37:00 PM,PPPP,SK036210,11,THK1_1_TOP,22.5518
LOT2,LOT2,04,2025-05-05 07:37:00 PM,2025-05-05 10:37:00 PM,PPPP,SK016125,12,CD1,10.431457096694647
LOT2,LOT2,04,2025-05-05 07:37:00 PM,2025-05-05 10:37:00 PM,PPPP,SK016125,12,CD3,16.3997
LOT2,LOT2,04,2025-05-05 07:37:00 PM,2025-05-05 10:37:00 PM,PPPP,SK036210,12,THK1_1_TOP,28.5954
LOT2,LOT2,04,2025-05-05 07:37:00 PM,2025-05-05 10:37:00 PM,PPPP,SK016125,13,CD1,10.339544546155675
LOT2,LOT2,04,2025-05-05 07:37:00 PM,2025-05-05 10:37:00 PM,PPPP,SK016125,13,CD3,15.8995
LOT2,LOT2,04,2025-05-05 07:37:00 PM,2025-05-05 10:37:00 PM,PPPP,SK036210,13,THK1_1_TOP,22.8837
LOT3,LOT3,01,2025-05-04 10:19:00 AM,2025-05-04 01:19:00 PM,PPPP,SK016125,1,CD1,10.467742857666797
LOT3,LOT3,01,2025-05-04 10:19:00 AM,2025-05-04 01:19:00 PM,PPPP,SK016125,1,CD3,16.081
LOT3,LOT3,01,2025-05-04 10:19:00 AM,2025-05-04 01:19:00 PM,PPPP,SK036210,1,THK1_1_TOP,27.4194
LOT3,LOT3,01,2025-05-04 10:19:00 AM,2025-05-04 01:19:00 PM,PPPP,SK016125,2,CD1,10.580810171362907
LOT3,LOT3,01,2025-05-04 10:19:00 AM,2025-05-04 01:19:00 PM,PPPP,SK016125,2,CD3,15.0792
LOT3,LOT3,01,2025-05-04 10:19:00 AM,2025-05-04 01:19:00 PM,PPPP,SK036210,2,THK1_1_TOP,24.5424
LOT3,LOT3,01,2025-05-04 10:19:00 AM,2025-05-04 01:19:00 PM,PPPP,SK016125,3,CD1,10.877237180242107
LOT3,LOT3,01,2025-05-04 10:19:00 AM,2025-05-04 01:19:00 PM,PPPP,SK016125,3,CD3,15.8248
LOT3,LOT3,01,2025-05-04 10:19:00 AM,2025-05-04 01:19:00 PM,PPPP,SK036210,3,THK1_1_TOP,28.4177
LOT3,LOT3,01,2025-05-04 10:19:00 AM,2025-05-04 01:19:00 PM,PPPP,SK016125,4,CD1,10.534915562566368
LOT3,LOT3,01,2025-05-04 10:19:00 AM,2025-05-04 01:19:00 PM,PPPP,SK016125,4,CD3,16.07
LOT3,LOT3,01,2025-05-04 10:19:00 AM,2025-05-04 01:19:00 PM,PPPP,SK036210,4,THK1_1_TOP,21.5893
LOT3,LOT3,01,2025-05-04 10:19:00 AM,2025-05-04 01:19:00 PM,PPPP,SK016125,5,CD1,10.551510078144553
LOT3,LOT3,01,2025-05-04 10:19:00 AM,2025-05-04 01:19:00 PM,PPPP,SK016125,5,CD3,16.2902
LOT3,LOT3,01,2025-05-04 10:19:00 AM,2025-05-04 01:19:00 PM,PPPP,SK036210,5,THK1_1_TOP,27.6455
LOT3,LOT3,01,2025-05-04 10:19:00 AM,2025-05-04 01:19:00 PM,PPPP,SK016125,6,CD1,10.485110816846767
LOT3,LOT3,01,2025-05-04 10:19:00 AM,2025-05-04 01:19:00 PM,PPPP,SK016125,6,CD3,15.509
LOT3,LOT3,01,2025-05-04 10:19:00 AM,2025-05-04 01:19:00 PM,PPPP,SK036210,6,THK1_1_TOP,25.1314
LOT3,LOT3,01,2025-05-04 10:19:00 AM,2025-05-04 01:19:00 PM,PPPP,SK016125,7,CD1,10.116245756940192
LOT3,LOT3,01,2025-05-04 10:19:00 AM,2025-05-04 01:19:00 PM,PPPP,SK016125,7,CD3,16.6971
LOT3,LOT3,01,2025-05-04 10:19:00 AM,2025-05-04 01:19:00 PM,PPPP,SK036210,7,THK1_1_TOP,24.0499
LOT3,LOT3,01,2025-05-04 10:19:00 AM,2025-05-04 01:19:00 PM,PPPP,SK016125,8,CD1,10.494697224910157
LOT3,LOT3,01,2025-05-04 10:19:00 AM,2025-05-04 01:19:00 PM,PPPP,SK016125,8,CD3,16.3361
LOT3,LOT3,01,2025-05-04 10:19:00 AM,2025-05-04 01:19:00 PM,PPPP,SK036210,8,THK1_1_TOP,24.1721
LOT3,LOT3,01,2025-05-04 10:19:00 AM,2025-05-04 01:19:00 PM,PPPP,SK016125,9,CD1,10.512046041988205
LOT3,LOT3,01,2025-05-04 10:19:00 AM,2025-05-04 01:19:00 PM,PPPP,SK016125,9,CD3,16.1124
LOT3,LOT3,01,2025-05-04 10:19:00 AM,2025-05-04 01:19:00 PM,PPPP,SK036210,9,THK1_1_TOP,22.3497
LOT3,LOT3,01,2025-05-04 10:19:00 AM,2025-05-04 01:19:00 PM,PPPP,SK016125,10,CD1,10.992648422497057
LOT3,LOT3,01,2025-05-04 10:19:00 AM,2025-05-04 01:19:00 PM,PPPP,SK016125,10,CD3,16.5233
LOT3,LOT3,01,2025-05-04 10:19:00 AM,2025-05-04 01:19:00 PM,PPPP,SK036210,10,THK1_1_TOP,24.5525
LOT3,LOT3,01,2025-05-04 10:19:00 AM,2025-05-04 01:19:00 PM,PPPP,SK016125,11,CD1,10.461527807043776
LOT3,LOT3,01,2025-05-04 10:19:00 AM,2025-05-04 01:19:00 PM,PPPP,SK016125,11,CD3,15.3645
LOT3,LOT3,01,2025-05-04 10:19:00 AM,2025-05-04 01:19:00 PM,PPPP,SK036210,11,THK1_1_TOP,22.6835
LOT3,LOT3,01,2025-05-04 10:19:00 AM,2025-05-04 01:19:00 PM,PPPP,SK016125,12,CD1,10.560309468466723
LOT3,LOT3,01,2025-05-04 10:19:00 AM,2025-05-04 01:19:00 PM,PPPP,SK016125,12,CD3,16.328
LOT3,LOT3,01,2025-05-04 10:19:00 AM,2025-05-04 01:19:00 PM,PPPP,SK036210,12,THK1_1_TOP,21.6375
LOT3,LOT3,01,2025-05-04 10:19:00 AM,2025-05-04 01:19:00 PM,PPPP,SK016125,13,CD1,10.49305764605895
LOT3,LOT3,01,2025-05-04 10:19:00 AM,2025-05-04 01:19:00 PM,PPPP,SK016125,13,CD3,15.4651
LOT3,LOT3,01,2025-05-04 10:19:00 AM,2025-05-04 01:19:00 PM,PPPP,SK036210,13,THK1_1_TOP,31.9945
LOT3,LOT3,02,2025-05-28 07:12:00 AM,2025-05-28 10:12:00 AM,PPPP,SK016125,1,CD1,10.266264392476094
LOT3,LOT3,02,2025-05-28 07:12:00 AM,2025-05-28 10:12:00 AM,PPPP,SK016125,1,CD3,16.0565
LOT3,LOT3,02,2025-05-28 07:12:00 AM,2025-05-28 10:12:00 AM,PPPP,SK036210,1,THK1_1_TOP,20.0569
LOT3,LOT3,02,2025-05-28 07:12:00 AM,2025-05-28 10:12:00 AM,PPPP,SK016125,2,CD1,10.728564562903005
LOT3,LOT3,02,2025-05-28 07:12:00 AM,2025-05-28 10:12:00 AM,PPPP,SK016125,2,CD3,15.8453
LOT3,LOT3,02,2025-05-28 07:12:00 AM,2025-05-28 10:12:00 AM,PPPP,SK036210,2,THK1_1_TOP,21.1771
LOT3,LOT3,02,2025-05-28 07:12:00 AM,2025-05-28 10:12:00 AM,PPPP,SK016125,3,CD1,10.650386606537355
LOT3,LOT3,02,2025-05-28 07:12:00 AM,2025-05-28 10:12:00 AM,PPPP,SK016125,3,CD3,15.6705
LOT3,LOT3,02,2025-05-28 07:12:00 AM,2025-05-28 10:12:00 AM,PPPP,SK036210,3,THK1_1_TOP,22.8553
LOT3,LOT3,02,2025-05-28 07:12:00 AM,2025-05-28 10:12:00 AM,PPPP,SK016125,4,CD1,10.65820638940861
LOT3,LOT3,02,2025-05-28 07:12:00 AM,2025-05-28 10:12:00 AM,PPPP,SK016125,4,CD3,15.77
LOT3,LOT3,02,2025-05-28 07:12:00 AM,2025-05-28 10:12:00 AM,PPPP,SK036210,4,THK1_1_TOP,31.2345
LOT3,LOT3,02,2025-05-28 07:12:00 AM,2025-05-28 10:12:00 AM,PPPP,SK016125,5,CD1,10.318122509041052
LOT3,LOT3,02,2025-05-28 07:12:00 AM,2025-05-28 10:12:00 AM,PPPP,SK016125,5,CD3,16.1764
LOT3,LOT3,02,2025-05-28 07:12:00 AM,2025-05-28 10:12:00 AM,PPPP,SK036210,5,THK1_1_TOP,25.4366
LOT3,LOT3,02,2025-05-28 07:12:00 AM,2025-05-28 10:12:00 AM,PPPP,SK016125,6,CD1,10.78055886218722
LOT3,LOT3,02,2025-05-28 07:12:00 AM,2025-05-28 10:12:00 AM,PPPP,SK016125,6,CD3,16.1716
LOT3,LOT3,02,2025-05-28 07:12:00 AM,2025-05-28 10:12:00 AM,PPPP,SK036210,6,THK1_1_TOP,27.6441
LOT3,LOT3,02,2025-05-28 07:12:00 AM,2025-05-28 10:12:00 AM,PPPP,SK016125,7,CD1,10.219629787441544
LOT3,LOT3,02,2025-05-28 07:12:00 AM,2025-05-28 10:12:00 AM,PPPP,SK016125,7,CD3,16.09
LOT3,LOT3,02,2025-05-28 07:12:00 AM,2025-05-28 10:12:00 AM,PPPP,SK036210,7,THK1_1_TOP,25.1754
LOT3,LOT3,02,2025-05-28 07:12:00 AM,2025-05-28 10:12:00 AM,PPPP,SK016125,8,CD1,10.617371418760055
LOT3,LOT3,02,2025-05-28 07:12:00 AM,2025-05-28 10:12:00 AM,PPPP,SK016125,8,CD3,15.6353
LOT3,LOT3,02,2025-05-28 07:12:00 AM,2025-05-28 10:12:00 AM,PPPP,SK036210,8,THK1_1_TOP,24.8174
LOT3,LOT3,02,2025-05-28 07:12:00 AM,2025-05-28 10:12:00 AM,PPPP,SK016125,9,CD1,10.938091125161996
LOT3,LOT3,02,2025-05-28 07:12:00 AM,2025-05-28 10:12:00 AM,PPPP,SK016125,9,CD3,16.1609
LOT3,LOT3,02,2025-05-28 07:12:00 AM,2025-05-28 10:12:00 AM,PPPP,SK036210,9,THK1_1_TOP,25.5409
LOT3,LOT3,02,2025-05-28 07:12:00 AM,2025-05-28 10:12:00 AM,PPPP,SK016125,10,CD1,10.301892734973862
LOT3,LOT3,02,2025-05-28 07:12:00 AM,2025-05-28 10:12:00 AM,PPPP,SK016125,10,CD3,15.9772
LOT3,LOT3,02,2025-05-28 07:12:00 AM,2025-05-28 10:12:00 AM,PPPP,SK036210,10,THK1_1_TOP,23.3391
LOT3,LOT3,02,2025-05-28 07:12:00 AM,2025-05-28 10:12:00 AM,PPPP,SK016125,11,CD1,10.386740454079446
LOT3,LOT3,02,2025-05-28 07:12:00 AM,2025-05-28 10:12:00 AM,PPPP,SK016125,11,CD3,15.9115
LOT3,LOT3,02,2025-05-28 07:12:00 AM,2025-05-28 10:12:00 AM,PPPP,SK036210,11,THK1_1_TOP,25.5417
LOT3,LOT3,02,2025-05-28 07:12:00 AM,2025-05-28 10:12:00 AM,PPPP,SK016125,12,CD1,10.519930273017529
LOT3,LOT3,02,2025-05-28 07:12:00 AM,2025-05-28 10:12:00 AM,PPPP,SK016125,12,CD3,15.7163
LOT3,LOT3,02,2025-05-28 07:12:00 AM,2025-05-28 10:12:00 AM,PPPP,SK036210,12,THK1_1_TOP,26.7901
LOT3,LOT3,02,2025-05-28 07:12:00 AM,2025-05-28 10:12:00 AM,PPPP,SK016125,13,CD1,10.39930486917676
LOT3,LOT3,02,2025-05-28 07:12:00 AM,2025-05-28 10:12:00 AM,PPPP,SK016125,13,CD3,16.8085
LOT3,LOT3,02,2025-05-28 07:12:00 AM,2025-05-28 10:12:00 AM,PPPP,SK036210,13,THK1_1_TOP,24.3511
LOT3,LOT3,03,2025-05-01 04:09:00 AM,2025-05-01 07:09:00 AM,PPPP,SK016125,1,CD1,10.189867313786774
LOT3,LOT3,03,2025-05-01 04:09:00 AM,2025-05-01 07:09:00 AM,PPPP,SK016125,1,CD3,16.0061
LOT3,LOT3,03,2025-05-01 04:09:00 AM,2025-05-01 07:09:00 AM,PPPP,SK036210,1,THK1_1_TOP,20.8351
LOT3,LOT3,03,2025-05-01 04:09:00 AM,2025-05-01 07:09:00 AM,PPPP,SK016125,2,CD1,10.513712594961206
LOT3,LOT3,03,2025-05-01 04:09:00 AM,2025-05-01 07:09:00 AM,PPPP,SK016125,2,CD3,16.3522
LOT3,LOT3,03,2025-05-01 04:09:00 AM,2025-05-01 07:09:00 AM,PPPP,SK036210,2,THK1_1_TOP,23.7019
LOT3,LOT3,03,2025-05-01 04:09:00 AM,2025-05-01 07:09:00 AM,PPPP,SK016125,3,CD1,10.287539257254778
LOT3,LOT3,03,2025-05-01 04:09:00 AM,2025-05-01 07:09:00 AM,PPPP,SK016125,3,CD3,15.9874
LOT3,LOT3,03,2025-05-01 04:09:00 AM,2025-05-01 07:09:00 AM,PPPP,SK036210,3,THK1_1_TOP,21.723
LOT3,LOT3,03,2025-05-01 04:09:00 AM,2025-05-01 07:09:00 AM,PPPP,SK016125,4,CD1,10.594718486127036
LOT3,LOT3,03,2025-05-01 04:09:00 AM,2025-05-01 07:09:00 AM,PPPP,SK016125,4,CD3,16.6205
LOT3,LOT3,03,2025-05-01 04:09:00 AM,2025-05-01 07:09:00 AM,PPPP,SK036210,4,THK1_1_TOP,27.3084
LOT3,LOT3,03,2025-05-01 04:09:00 AM,2025-05-01 07:09:00 AM,PPPP,SK016125,5,CD1,10.31611515315324
LOT3,LOT3,03,2025-05-01 04:09:00 AM,2025-05-01 07:09:00 AM,PPPP,SK016125,5,CD3,15.7754
LOT3,LOT3,03,2025-05-01 04:09:00 AM,2025-05-01 07:09:00 AM,PPPP,SK036210,5,THK1_1_TOP,24.5705
LOT3,LOT3,03,2025-05-01 04:09:00 AM,2025-05-01 07:09:00 AM,PPPP,SK016125,6,CD1,10.809986881003509
LOT3,LOT3,03,2025-05-01 04:09:00 AM,2025-05-01 07:09:00 AM,PPPP,SK016125,6,CD3,15.7264
LOT3,LOT3,03,2025-05-01 04:09:00 AM,2025-05-01 07:09:00 AM,PPPP,SK036210,6,THK1_1_TOP,22.2193
LOT3,LOT3,03,2025-05-01 04:09:00 AM,2025-05-01 07:09:00 AM,PPPP,SK016125,7,CD1,10.343349341532752
LOT3,LOT3,03,2025-05-01 04:09:00 AM,2025-05-01 07:09:00 AM,PPPP,SK016125,7,CD3,16.5463
LOT3,LOT3,03,2025-05-01 04:09:00 AM,2025-05-01 07:09:00 AM,PPPP,SK036210,7,THK1_1_TOP,18.7241
LOT3,LOT3,03,2025-05-01 04:09:00 AM,2025-05-01 07:09:00 AM,PPPP,SK016125,8,CD1,10.435587696758866
LOT3,LOT3,03,2025-05-01 04:09:00 AM,2025-05-01 07:09:00 AM,PPPP,SK016125,8,CD3,16.4984
LOT3,LOT3,03,2025-05-01 04:09:00 AM,2025-05-01 07:09:00 AM,PPPP,SK036210,8,THK1_1_TOP,26.4994
LOT3,LOT3,03,2025-05-01 04:09:00 AM,2025-05-01 07:09:00 AM,PPPP,SK016125,9,CD1,10.662703443473934
LOT3,LOT3,03,2025-05-01 04:09:00 AM,2025-05-01 07:09:00 AM,PPPP,SK016125,9,CD3,15.3671
LOT3,LOT3,03,2025-05-01 04:09:00 AM,2025-05-01 07:09:00 AM,PPPP,SK036210,9,THK1_1_TOP,23.3548
LOT3,LOT3,03,2025-05-01 04:09:00 AM,2025-05-01 07:09:00 AM,PPPP,SK016125,10,CD1,10.253827136713209
LOT3,LOT3,03,2025-05-01 04:09:00 AM,2025-05-01 07:09:00 AM,PPPP,SK016125,10,CD3,16.0012
LOT3,LOT3,03,2025-05-01 04:09:00 AM,2025-05-01 07:09:00 AM,PPPP,SK036210,10,THK1_1_TOP,21.8695
LOT3,LOT3,03,2025-05-01 04:09:00 AM,2025-05-01 07:09:00 AM,PPPP,SK016125,11,CD1,10.545491986920826
LOT3,LOT3,03,2025-05-01 04:09:00 AM,2025-05-01 07:09:00 AM,PPPP,SK016125,11,CD3,16.6738
LOT3,LOT3,03,2025-05-01 04:09:00 AM,2025-05-01 07:09:00 AM,PPPP,SK036210,11,THK1_1_TOP,24.3202
LOT3,LOT3,03,2025-05-01 04:09:00 AM,2025-05-01 07:09:00 AM,PPPP,SK016125,12,CD1,10.761428550856486
LOT3,LOT3,03,2025-05-01 04:09:00 AM,2025-05-01 07:09:00 AM,PPPP,SK016125,12,CD3,15.3965
LOT3,LOT3,03,2025-05-01 04:09:00 AM,2025-05-01 07:09:00 AM,PPPP,SK036210,12,THK1_1_TOP,23.7568
LOT3,LOT3,03,2025-05-01 04:09:00 AM,2025-05-01 07:09:00 AM,PPPP,SK016125,13,CD1,10.178503353087754
LOT3,LOT3,03,2025-05-01 04:09:00 AM,2025-05-01 07:09:00 AM,PPPP,SK016125,13,CD3,16.1419
LOT3,LOT3,03,2025-05-01 04:09:00 AM,2025-05-01 07:09:00 AM,PPPP,SK036210,13,THK1_1_TOP,23.477
LOT3,LOT3,04,2025-05-25 05:51:00 AM,2025-05-25 08:51:00 AM,PPPP,SK016125,1,CD1,10.536926771706462
LOT3,LOT3,04,2025-05-25 05:51:00 AM,2025-05-25 08:51:00 AM,PPPP,SK016125,1,CD3,15.8211
LOT3,LOT3,04,2025-05-25 05:51:00 AM,2025-05-25 08:51:00 AM,PPPP,SK036210,1,THK1_1_TOP,24.1646
LOT3,LOT3,04,2025-05-25 05:51:00 AM,2025-05-25 08:51:00 AM,PPPP,SK016125,2,CD1,10.551976558849685
LOT3,LOT3,04,2025-05-25 05:51:00 AM,2025-05-25 08:51:00 AM,PPPP,SK016125,2,CD3,15.213
LOT3,LOT3,04,2025-05-25 05:51:00 AM,2025-05-25 08:51:00 AM,PPPP,SK036210,2,THK1_1_TOP,24.777
LOT3,LOT3,04,2025-05-25 05:51:00 AM,2025-05-25 08:51:00 AM,PPPP,SK016125,3,CD1,10.656364574355463
LOT3,LOT3,04,2025-05-25 05:51:00 AM,2025-05-25 08:51:00 AM,PPPP,SK016125,3,CD3,15.7718
LOT3,LOT3,04,2025-05-25 05:51:00 AM,2025-05-25 08:51:00 AM,PPPP,SK036210,3,THK1_1_TOP,23.562
LOT3,LOT3,04,2025-05-25 05:51:00 AM,2025-05-25 08:51:00 AM,PPPP,SK016125,4,CD1,10.252609857824384
LOT3,LOT3,04,2025-05-25 05:51:00 AM,2025-05-25 08:51:00 AM,PPPP,SK016125,4,CD3,15.8084
LOT3,LOT3,04,2025-05-25 05:51:00 AM,2025-05-25 08:51:00 AM,PPPP,SK036210,4,THK1_1_TOP,25.0177
LOT3,LOT3,04,2025-05-25 05:51:00 AM,2025-05-25 08:51:00 AM,PPPP,SK016125,5,CD1,10.235908677383145
LOT3,LOT3,04,2025-05-25 05:51:00 AM,2025-05-25 08:51:00 AM,PPPP,SK016125,5,CD3,15.1598
LOT3,LOT3,04,2025-05-25 05:51:00 AM,2025-05-25 08:51:00 AM,PPPP,SK036210,5,THK1_1_TOP,26.9586
LOT3,LOT3,04,2025-05-25 05:51:00 AM,2025-05-25 08:51:00 AM,PPPP,SK016125,6,CD1,10.60438831312338
LOT3,LOT3,04,2025-05-25 05:51:00 AM,2025-05-25 08:51:00 AM,PPPP,SK016125,6,CD3,16.7732
LOT3,LOT3,04,2025-05-25 05:51:00 AM,2025-05-25 08:51:00 AM,PPPP,SK036210,6,THK1_1_TOP,21.4251
LOT3,LOT3,04,2025-05-25 05:51:00 AM,2025-05-25 08:51:00 AM,PPPP,SK016125,7,CD1,10.559396934646637
LOT3,LOT3,04,2025-05-25 05:51:00 AM,2025-05-25 08:51:00 AM,PPPP,SK016125,7,CD3,15.9188
LOT3,LOT3,04,2025-05-25 05:51:00 AM,2025-05-25 08:51:00 AM,PPPP,SK036210,7,THK1_1_TOP,26.2397
LOT3,LOT3,04,2025-05-25 05:51:00 AM,2025-05-25 08:51:00 AM,PPPP,SK016125,8,CD1,10.550098570069176
LOT3,LOT3,04,2025-05-25 05:51:00 AM,2025-05-25 08:51:00 AM,PPPP,SK016125,8,CD3,15.6684
LOT3,LOT3,04,2025-05-25 05:51:00 AM,2025-05-25 08:51:00 AM,PPPP,SK036210,8,THK1_1_TOP,26.774
LOT3,LOT3,04,2025-05-25 05:51:00 AM,2025-05-25 08:51:00 AM,PPPP,SK016125,9,CD1,10.569289641899395
LOT3,LOT3,04,2025-05-25 05:51:00 AM,2025-05-25 08:51:00 AM,PPPP,SK016125,9,CD3,16.548
LOT3,LOT3,04,2025-05-25 05:51:00 AM,2025-05-25 08:51:00 AM,PPPP,SK036210,9,THK1_1_TOP,23.6383
LOT3,LOT3,04,2025-05-25 05:51:00 AM,2025-05-25 08:51:00 AM,PPPP,SK016125,10,CD1,10.363995055684303
LOT3,LOT3,04,2025-05-25 05:51:00 AM,2025-05-25 08:51:00 AM,PPPP,SK016125,10,CD3,16.2441
LOT3,LOT3,04,2025-05-25 05:51:00 AM,2025-05-25 08:51:00 AM,PPPP,SK036210,10,THK1_1_TOP,29.8229
LOT3,LOT3,04,2025-05-25 05:51:00 AM,2025-05-25 08:51:00 AM,PPPP,SK016125,11,CD1,10.546450739432201
LOT3,LOT3,04,2025-05-25 05:51:00 AM,2025-05-25 08:51:00 AM,PPPP,SK016125,11,CD3,16.5042
LOT3,LOT3,04,2025-05-25 05:51:00 AM,2025-05-25 08:51:00 AM,PPPP,SK036210,11,THK1_1_TOP,30.0299
LOT3,LOT3,04,2025-05-25 05:51:00 AM,2025-05-25 08:51:00 AM,PPPP,SK016125,12,CD1,10.558614494659736
LOT3,LOT3,04,2025-05-25 05:51:00 AM,2025-05-25 08:51:00 AM,PPPP,SK016125,12,CD3,16.3754
LOT3,LOT3,04,2025-05-25 05:51:00 AM,2025-05-25 08:51:00 AM,PPPP,SK036210,12,THK1_1_TOP,20.4296
LOT3,LOT3,04,2025-05-25 05:51:00 AM,2025-05-25 08:51:00 AM,PPPP,SK016125,13,CD1,10.357129716394727
LOT3,LOT3,04,2025-05-25 05:51:00 AM,2025-05-25 08:51:00 AM,PPPP,SK016125,13,CD3,15.9715
LOT3,LOT3,04,2025-05-25 05:51:00 AM,2025-05-25 08:51:00 AM,PPPP,SK036210,13,THK1_1_TOP,28.7289
LOT4,LOT4,01,2025-05-09 08:29:00 AM,2025-05-09 11:29:00 AM,PPPP,SK016125,1,CD1,10.87315490222895
LOT4,LOT4,01,2025-05-09 08:29:00 AM,2025-05-09 11:29:00 AM,PPPP,SK016125,1,CD3,16.2279
LOT4,LOT4,01,2025-05-09 08:29:00 AM,2025-05-09 11:29:00 AM,PPPP,SK036210,1,THK1_1_TOP,25.8953
LOT4,LOT4,01,2025-05-09 08:29:00 AM,2025-05-09 11:29:00 AM,PPPP,SK016125,2,CD1,10.594766584182358
LOT4,LOT4,01,2025-05-09 08:29:00 AM,2025-05-09 11:29:00 AM,PPPP,SK016125,2,CD3,16.0247
LOT4,LOT4,01,2025-05-09 08:29:00 AM,2025-05-09 11:29:00 AM,PPPP,SK036210,2,THK1_1_TOP,24.8164
LOT4,LOT4,01,2025-05-09 08:29:00 AM,2025-05-09 11:29:00 AM,PPPP,SK016125,3,CD1,10.261739300559471
LOT4,LOT4,01,2025-05-09 08:29:00 AM,2025-05-09 11:29:00 AM,PPPP,SK016125,3,CD3,16.6252
LOT4,LOT4,01,2025-05-09 08:29:00 AM,2025-05-09 11:29:00 AM,PPPP,SK036210,3,THK1_1_TOP,24.575
LOT4,LOT4,01,2025-05-09 08:29:00 AM,2025-05-09 11:29:00 AM,PPPP,SK016125,4,CD1,10.631310721726766
LOT4,LOT4,01,2025-05-09 08:29:00 AM,2025-05-09 11:29:00 AM,PPPP,SK016125,4,CD3,16.0327
LOT4,LOT4,01,2025-05-09 08:29:00 AM,2025-05-09 11:29:00 AM,PPPP,SK036210,4,THK1_1_TOP,20.1649
LOT4,LOT4,01,2025-05-09 08:29:00 AM,2025-05-09 11:29:00 AM,PPPP,SK016125,5,CD1,10.305063665954536
LOT4,LOT4,01,2025-05-09 08:29:00 AM,2025-05-09 11:29:00 AM,PPPP,SK016125,5,CD3,16.6399
LOT4,LOT4,01,2025-05-09 08:29:00 AM,2025-05-09 11:29:00 AM,PPPP,SK036210,5,THK1_1_TOP,22.7507
LOT4,LOT4,01,2025-05-09 08:29:00 AM,2025-05-09 11:29:00 AM,PPPP,SK016125,6,CD1,10.65741692074849
LOT4,LOT4,01,2025-05-09 08:29:00 AM,2025-05-09 11:29:00 AM,PPPP,SK016125,6,CD3,16.4689
LOT4,LOT4,01,2025-05-09 08:29:00 AM,2025-05-09 11:29:00 AM,PPPP,SK036210,6,THK1_1_TOP,26.2045
LOT4,LOT4,01,2025-05-09 08:29:00 AM,2025-05-09 11:29:00 AM,PPPP,SK016125,7,CD1,10.73171911580148
LOT4,LOT4,01,2025-05-09 08:29:00 AM,2025-05-09 11:29:00 AM,PPPP,SK016125,7,CD3,15.6331
LOT4,LOT4,01,2025-05-09 08:29:00 AM,2025-05-09 11:29:00 AM,PPPP,SK036210,7,THK1_1_TOP,24.2043
LOT4,LOT4,01,2025-05-09 08:29:00 AM,2025-05-09 11:29:00 AM,PPPP,SK016125,8,CD1,10.335863536329658
LOT4,LOT4,01,2025-05-09 08:29:00 AM,2025-05-09 11:29:00 AM,PPPP,SK016125,8,CD3,15.7542
LOT4,LOT4,01,2025-05-09 08:29:00 AM,2025-05-09 11:29:00 AM,PPPP,SK036210,8,THK1_1_TOP,28.1834
LOT4,LOT4,01,2025-05-09 08:29:00 AM,2025-05-09 11:29:00 AM,PPPP,SK016125,9,CD1,10.692675225848864
LOT4,LOT4,01,2025-05-09 08:29:00 AM,2025-05-09 11:29:00 AM,PPPP,SK016125,9,CD3,15.5207
LOT4,LOT4,01,2025-05-09 08:29:00 AM,2025-05-09 11:29:00 AM,PPPP,SK036210,9,THK1_1_TOP,30.7042
LOT4,LOT4,01,2025-05-09 08:29:00 AM,2025-05-09 11:29:00 AM,PPPP,SK016125,10,CD1,10.5825561853873
LOT4,LOT4,01,2025-05-09 08:29:00 AM,2025-05-09 11:29:00 AM,PPPP,SK016125,10,CD3,15.7846
LOT4,LOT4,01,2025-05-09 08:29:00 AM,2025-05-09 11:29:00 AM,PPPP,SK036210,10,THK1_1_TOP,29.0882
LOT4,LOT4,01,2025-05-09 08:29:00 AM,2025-05-09 11:29:00 AM,PPPP,SK016125,11,CD1,10.664412031998898
LOT4,LOT4,01,2025-05-09 08:29:00 AM,2025-05-09 11:29:00 AM,PPPP,SK016125,11,CD3,16.3683
LOT4,LOT4,01,2025-05-09 08:29:00 AM,2025-05-09 11:29:00 AM,PPPP,SK036210,11,THK1_1_TOP,23.2903
LOT4,LOT4,01,2025-05-09 08:29:00 AM,2025-05-09 11:29:00 AM,PPPP,SK016125,12,CD1,10.879358596530789
LOT4,LOT4,01,2025-05-09 08:29:00 AM,2025-05-09 11:29:00 AM,PPPP,SK016125,12,CD3,16.1247
LOT4,LOT4,01,2025-05-09 08:29:00 AM,2025-05-09 11:29:00 AM,PPPP,SK036210,12,THK1_1_TOP,27.0832
LOT4,LOT4,01,2025-05-09 08:29:00 AM,2025-05-09 11:29:00 AM,PPPP,SK016125,13,CD1,10.450922376799426
LOT4,LOT4,01,2025-05-09 08:29:00 AM,2025-05-09 11:29:00 AM,PPPP,SK016125,13,CD3,16.0683
LOT4,LOT4,01,2025-05-09 08:29:00 AM,2025-05-09 11:29:00 AM,PPPP,SK036210,13,THK1_1_TOP,25.8022
LOT4,LOT4,02,2025-05-02 05:51:00 AM,2025-05-02 08:51:00 AM,PPPP,SK016125,1,CD1,10.349252767128503
LOT4,LOT4,02,2025-05-02 05:51:00 AM,2025-05-02 08:51:00 AM,PPPP,SK016125,1,CD3,16.3018
LOT4,LOT4,02,2025-05-02 05:51:00 AM,2025-05-02 08:51:00 AM,PPPP,SK036210,1,THK1_1_TOP,20.4796
LOT4,LOT4,02,2025-05-02 05:51:00 AM,2025-05-02 08:51:00 AM,PPPP,SK016125,2,CD1,10.322097114074895
LOT4,LOT4,02,2025-05-02 05:51:00 AM,2025-05-02 08:51:00 AM,PPPP,SK016125,2,CD3,15.6285
LOT4,LOT4,02,2025-05-02 05:51:00 AM,2025-05-02 08:51:00 AM,PPPP,SK036210,2,THK1_1_TOP,26.7043
LOT4,LOT4,02,2025-05-02 05:51:00 AM,2025-05-02 08:51:00 AM,PPPP,SK016125,3,CD1,10.336837943006913
LOT4,LOT4,02,2025-05-02 05:51:00 AM,2025-05-02 08:51:00 AM,PPPP,SK016125,3,CD3,16.0406
LOT4,LOT4,02,2025-05-02 05:51:00 AM,2025-05-02 08:51:00 AM,PPPP,SK036210,3,THK1_1_TOP,24.1956
LOT4,LOT4,02,2025-05-02 05:51:00 AM,2025-05-02 08:51:00 AM,PPPP,SK016125,4,CD1,10.484579658117179
LOT4,LOT4,02,2025-05-02 05:51:00 AM,2025-05-02 08:51:00 AM,PPPP,SK016125,4,CD3,16.0836
LOT4,LOT4,02,2025-05-02 05:51:00 AM,2025-05-02 08:51:00 AM,PPPP,SK036210,4,THK1_1_TOP,23.0797
LOT4,LOT4,02,2025-05-02 05:51:00 AM,2025-05-02 08:51:00 AM,PPPP,SK016125,5,CD1,10.56823039496333
LOT4,LOT4,02,2025-05-02 05:51:00 AM,2025-05-02 08:51:00 AM,PPPP,SK016125,5,CD3,15.1799
LOT4,LOT4,02,2025-05-02 05:51:00 AM,2025-05-02 08:51:00 AM,PPPP,SK036210,5,THK1_1_TOP,28.8015
LOT4,LOT4,02,2025-05-02 05:51:00 AM,2025-05-02 08:51:00 AM,PPPP,SK016125,6,CD1,10.555338159866004
LOT4,LOT4,02,2025-05-02 05:51:00 AM,2025-05-02 08:51:00 AM,PPPP,SK016125,6,CD3,16.145
LOT4,LOT4,02,2025-05-02 05:51:00 AM,2025-05-02 08:51:00 AM,PPPP,SK036210,6,THK1_1_TOP,28.7956
LOT4,LOT4,02,2025-05-02 05:51:00 AM,2025-05-02 08:51:00 AM,PPPP,SK016125,7,CD1,10.665436649807205
LOT4,LOT4,02,2025-05-02 05:51:00 AM,2025-05-02 08:51:00 AM,PPPP,SK016125,7,CD3,15.3057
LOT4,LOT4,02,2025-05-02 05:51:00 AM,2025-05-02 08:51:00 AM,PPPP,SK036210,7,THK1_1_TOP,26.1527
LOT4,LOT4,02,2025-05-02 05:51:00 AM,2025-05-02 08:51:00 AM,PPPP,SK016125,8,CD1,10.50260037837558
LOT4,LOT4,02,2025-05-02 05:51:00 AM,2025-05-02 08:51:00 AM,PPPP,SK016125,8,CD3,15.3075
LOT4,LOT4,02,2025-05-02 05:51:00 AM,2025-05-02 08:51:00 AM,PPPP,SK036210,8,THK1_1_TOP,26.0786
LOT4,LOT4,02,2025-05-02 05:51:00 AM,2025-05-02 08:51:00 AM,PPPP,SK016125,9,CD1,10.790706815431463
LOT4,LOT4,02,2025-05-02 05:51:00 AM,2025-05-02 08:51:00 AM,PPPP,SK016125,9,CD3,15.6772
LOT4,LOT4,02,2025-05-02 05:51:00 AM,2025-05-02 08:51:00 AM,PPPP,SK036210,9,THK1_1_TOP,23.9997
LOT4,LOT4,02,2025-05-02 05:51:00 AM,2025-05-02 08:51:00 AM,PPPP,SK016125,10,CD1,10.447068633352409
LOT4,LOT4,02,2025-05-02 05:51:00 AM,2025-05-02 08:51:00 AM,PPPP,SK016125,10,CD3,15.7635
LOT4,LOT4,02,2025-05-02 05:51:00 AM,2025-05-02 08:51:00 AM,PPPP,SK036210,10,THK1_1_TOP,22.8871
LOT4,LOT4,02,2025-05-02 05:51:00 AM,2025-05-02 08:51:00 AM,PPPP,SK016125,11,CD1,11.0
LOT4,LOT4,02,2025-05-02 05:51:00 AM,2025-05-02 08:51:00 AM,PPPP,SK016125,11,CD3,15.9367
LOT4,LOT4,02,2025-05-02 05:51:00 AM,2025-05-02 08:51:00 AM,PPPP,SK036210,11,THK1_1_TOP,26.9166
LOT4,LOT4,02,2025-05-02 05:51:00 AM,2025-05-02 08:51:00 AM,PPPP,SK016125,12,CD1,10.625133469553
LOT4,LOT4,02,2025-05-02 05:51:00 AM,2025-05-02 08:51:00 AM,PPPP,SK016125,12,CD3,15.6644
LOT4,LOT4,02,2025-05-02 05:51:00 AM,2025-05-02 08:51:00 AM,PPPP,SK036210,12,THK1_1_TOP,26.668
LOT4,LOT4,02,2025-05-02 05:51:00 AM,2025-05-02 08:51:00 AM,PPPP,SK016125,13,CD1,10.328568488716744
LOT4,LOT4,02,2025-05-02 05:51:00 AM,2025-05-02 08:51:00 AM,PPPP,SK016125,13,CD3,16.3382
LOT4,LOT4,02,2025-05-02 05:51:00 AM,2025-05-02 08:51:00 AM,PPPP,SK036210,13,THK1_1_TOP,19.5862
LOT4,LOT4,03,2025-05-20 11:32:00 AM,2025-05-20 02:32:00 PM,PPPP,SK016125,1,CD1,10.285821500387778
LOT4,LOT4,03,2025-05-20 11:32:00 AM,2025-05-20 02:32:00 PM,PPPP,SK016125,1,CD3,15.7443
LOT4,LOT4,03,2025-05-20 11:32:00 AM,2025-05-20 02:32:00 PM,PPPP,SK036210,1,THK1_1_TOP,22.7914
LOT4,LOT4,03,2025-05-20 11:32:00 AM,2025-05-20 02:32:00 PM,PPPP,SK016125,2,CD1,10.596494483048637
LOT4,LOT4,03,2025-05-20 11:32:00 AM,2025-05-20 02:32:00 PM,PPPP,SK016125,2,CD3,16.4648
LOT4,LOT4,03,2025-05-20 11:32:00 AM,2025-05-20 02:32:00 PM,PPPP,SK036210,2,THK1_1_TOP,28.1041
LOT4,LOT4,03,2025-05-20 11:32:00 AM,2025-05-20 02:32:00 PM,PPPP,SK016125,3,CD1,10.45530744293483
LOT4,LOT4,03,2025-05-20 11:32:00 AM,2025-05-20 02:32:00 PM,PPPP,SK016125,3,CD3,16.5067
LOT4,LOT4,03,2025-05-20 11:32:00 AM,2025-05-20 02:32:00 PM,PPPP,SK036210,3,THK1_1_TOP,22.6137
LOT4,LOT4,03,2025-05-20 11:32:00 AM,2025-05-20 02:32:00 PM,PPPP,SK016125,4,CD1,10.642800098818418
LOT4,LOT4,03,2025-05-20 11:32:00 AM,2025-05-20 02:32:00 PM,PPPP,SK016125,4,CD3,15.8559
LOT4,LOT4,03,2025-05-20 11:32:00 AM,2025-05-20 02:32:00 PM,PPPP,SK036210,4,THK1_1_TOP,31.0873
LOT4,LOT4,03,2025-05-20 11:32:00 AM,2025-05-20 02:32:00 PM,PPPP,SK016125,5,CD1,10.59464752491471
LOT4,LOT4,03,2025-05-20 11:32:00 AM,2025-05-20 02:32:00 PM,PPPP,SK016125,5,CD3,15.9244
LOT4,LOT4,03,2025-05-20 11:32:00 AM,2025-05-20 02:32:00 PM,PPPP,SK036210,5,THK1_1_TOP,27.6337
LOT4,LOT4,03,2025-05-20 11:32:00 AM,2025-05-20 02:32:00 PM,PPPP,SK016125,6,CD1,10.485434217468626
LOT4,LOT4,03,2025-05-20 11:32:00 AM,2025-05-20 02:32:00 PM,PPPP,SK016125,6,CD3,16.1001
LOT4,LOT4,03,2025-05-20 11:32:00 AM,2025-05-20 02:32:00 PM,PPPP,SK036210,6,THK1_1_TOP,22.1862
LOT4,LOT4,03,2025-05-20 11:32:00 AM,2025-05-20 02:32:00 PM,PPPP,SK016125,7,CD1,10.330641256386318
LOT4,LOT4,03,2025-05-20 11:32:00 AM,2025-05-20 02:32:00 PM,PPPP,SK016125,7,CD3,16.3138
LOT4,LOT4,03,2025-05-20 11:32:00 AM,2025-05-20 02:32:00 PM,PPPP,SK036210,7,THK1_1_TOP,27.7258
LOT4,LOT4,03,2025-05-20 11:32:00 AM,2025-05-20 02:32:00 PM,PPPP,SK016125,8,CD1,10.197030555062828
LOT4,LOT4,03,2025-05-20 11:32:00 AM,2025-05-20 02:32:00 PM,PPPP,SK016125,8,CD3,15.9268
LOT4,LOT4,03,2025-05-20 11:32:00 AM,2025-05-20 02:32:00 PM,PPPP,SK036210,8,THK1_1_TOP,21.2009
LOT4,LOT4,03,2025-05-20 11:32:00 AM,2025-05-20 02:32:00 PM,PPPP,SK016125,9,CD1,10.410697009586595
LOT4,LOT4,03,2025-05-20 11:32:00 AM,2025-05-20 02:32:00 PM,PPPP,SK016125,9,CD3,15.6123
LOT4,LOT4,03,2025-05-20 11:32:00 AM,2025-05-20 02:32:00 PM,PPPP,SK036210,9,THK1_1_TOP,24.299
LOT4,LOT4,03,2025-05-20 11:32:00 AM,2025-05-20 02:32:00 PM,PPPP,SK016125,10,CD1,10.671279758864694
LOT4,LOT4,03,2025-05-20 11:32:00 AM,2025-05-20 02:32:00 PM,PPPP,SK016125,10,CD3,16.4242
LOT4,LOT4,03,2025-05-20 11:32:00 AM,2025-05-20 02:32:00 PM,PPPP,SK036210,10,THK1_1_TOP,20.0543
LOT4,LOT4,03,2025-05-20 11:32:00 AM,2025-05-20 02:32:00 PM,PPPP,SK016125,11,CD1,10.542818748826042
LOT4,LOT4,03,2025-05-20 11:32:00 AM,2025-05-20 02:32:00 PM,PPPP,SK016125,11,CD3,15.7119
LOT4,LOT4,03,2025-05-20 11:32:00 AM,2025-05-20 02:32:00 PM,PPPP,SK036210,11,THK1_1_TOP,17.4053
LOT4,LOT4,03,2025-05-20 11:32:00 AM,2025-05-20 02:32:00 PM,PPPP,SK016125,12,CD1,10.250852244257603
LOT4,LOT4,03,2025-05-20 11:32:00 AM,2025-05-20 02:32:00 PM,PPPP,SK016125,12,CD3,15.9015
LOT4,LOT4,03,2025-05-20 11:32:00 AM,2025-05-20 02:32:00 PM,PPPP,SK036210,12,THK1_1_TOP,24.6606
LOT4,LOT4,03,2025-05-20 11:32:00 AM,2025-05-20 02:32:00 PM,PPPP,SK016125,13,CD1,10.534636185170237
LOT4,LOT4,03,2025-05-20 11:32:00 AM,2025-05-20 02:32:00 PM,PPPP,SK016125,13,CD3,16.0353
LOT4,LOT4,03,2025-05-20 11:32:00 AM,2025-05-20 02:32:00 PM,PPPP,SK036210,13,THK1_1_TOP,23.7078
LOT4,LOT4,04,2025-05-10 11:46:00 AM,2025-05-10 02:46:00 PM,PPPP,SK016125,1,CD1,10.577063475945767
LOT4,LOT4,04,2025-05-10 11:46:00 AM,2025-05-10 02:46:00 PM,PPPP,SK016125,1,CD3,16.4235
LOT4,LOT4,04,2025-05-10 11:46:00 AM,2025-05-10 02:46:00 PM,PPPP,SK036210,1,THK1_1_TOP,25.8894
LOT4,LOT4,04,2025-05-10 11:46:00 AM,2025-05-10 02:46:00 PM,PPPP,SK016125,2,CD1,10.323228512759773
LOT4,LOT4,04,2025-05-10 11:46:00 AM,2025-05-10 02:46:00 PM,PPPP,SK016125,2,CD3,15.9418
LOT4,LOT4,04,2025-05-10 11:46:00 AM,2025-05-10 02:46:00 PM,PPPP,SK036210,2,THK1_1_TOP,24.7544
LOT4,LOT4,04,2025-05-10 11:46:00 AM,2025-05-10 02:46:00 PM,PPPP,SK016125,3,CD1,10.530745021189105
LOT4,LOT4,04,2025-05-10 11:46:00 AM,2025-05-10 02:46:00 PM,PPPP,SK016125,3,CD3,15.6988
LOT4,LOT4,04,2025-05-10 11:46:00 AM,2025-05-10 02:46:00 PM,PPPP,SK036210,3,THK1_1_TOP,23.2958
LOT4,LOT4,04,2025-05-10 11:46:00 AM,2025-05-10 02:46:00 PM,PPPP,SK016125,4,CD1,10.5116417436892
LOT4,LOT4,04,2025-05-10 11:46:00 AM,2025-05-10 02:46:00 PM,PPPP,SK016125,4,CD3,16.8032
LOT4,LOT4,04,2025-05-10 11:46:00 AM,2025-05-10 02:46:00 PM,PPPP,SK036210,4,THK1_1_TOP,29.7766
LOT4,LOT4,04,2025-05-10 11:46:00 AM,2025-05-10 02:46:00 PM,PPPP,SK016125,5,CD1,10.271405940433876
LOT4,LOT4,04,2025-05-10 11:46:00 AM,2025-05-10 02:46:00 PM,PPPP,SK016125,5,CD3,15.4321
LOT4,LOT4,04,2025-05-10 11:46:00 AM,2025-05-10 02:46:00 PM,PPPP,SK036210,5,THK1_1_TOP,21.4279
LOT4,LOT4,04,2025-05-10 11:46:00 AM,2025-05-10 02:46:00 PM,PPPP,SK016125,6,CD1,10.571557472069657
LOT4,LOT4,04,2025-05-10 11:46:00 AM,2025-05-10 02:46:00 PM,PPPP,SK016125,6,CD3,14.8765
LOT4,LOT4,04,2025-05-10 11:46:00 AM,2025-05-10 02:46:00 PM,PPPP,SK036210,6,THK1_1_TOP,23.2336
LOT4,LOT4,04,2025-05-10 11:46:00 AM,2025-05-10 02:46:00 PM,PPPP,SK016125,7,CD1,10.612156905273647
LOT4,LOT4,04,2025-05-10 11:46:00 AM,2025-05-10 02:46:00 PM,PPPP,SK016125,7,CD3,16.393
LOT4,LOT4,04,2025-05-10 11:46:00 AM,2025-05-10 02:46:00 PM,PPPP,SK036210,7,THK1_1_TOP,23.4727
LOT4,LOT4,04,2025-05-10 11:46:00 AM,2025-05-10 02:46:00 PM,PPPP,SK016125,8,CD1,10.716610248635055
LOT4,LOT4,04,2025-05-10 11:46:00 AM,2025-05-10 02:46:00 PM,PPPP,SK016125,8,CD3,16.2269
LOT4,LOT4,04,2025-05-10 11:46:00 AM,2025-05-10 02:46:00 PM,PPPP,SK036210,8,THK1_1_TOP,27.8058
LOT4,LOT4,04,2025-05-10 11:46:00 AM,2025-05-10 02:46:00 PM,PPPP,SK016125,9,CD1,10.71076041040698
LOT4,LOT4,04,2025-05-10 11:46:00 AM,2025-05-10 02:46:00 PM,PPPP,SK016125,9,CD3,15.9063
LOT4,LOT4,04,2025-05-10 11:46:00 AM,2025-05-10 02:46:00 PM,PPPP,SK036210,9,THK1_1_TOP,23.302
LOT4,LOT4,04,2025-05-10 11:46:00 AM,2025-05-10 02:46:00 PM,PPPP,SK016125,10,CD1,10.224466126408581
LOT4,LOT4,04,2025-05-10 11:46:00 AM,2025-05-10 02:46:00 PM,PPPP,SK016125,10,CD3,15.9121
LOT4,LOT4,04,2025-05-10 11:46:00 AM,2025-05-10 02:46:00 PM,PPPP,SK036210,10,THK1_1_TOP,24.1122
LOT4,LOT4,04,2025-05-10 11:46:00 AM,2025-05-10 02:46:00 PM,PPPP,SK016125,11,CD1,10.312434992016975
LOT4,LOT4,04,2025-05-10 11:46:00 AM,2025-05-10 02:46:00 PM,PPPP,SK016125,11,CD3,16.2584
LOT4,LOT4,04,2025-05-10 11:46:00 AM,2025-05-10 02:46:00 PM,PPPP,SK036210,11,THK1_1_TOP,26.45
LOT4,LOT4,04,2025-05-10 11:46:00 AM,2025-05-10 02:46:00 PM,PPPP,SK016125,12,CD1,10.603007053441733
LOT4,LOT4,04,2025-05-10 11:46:00 AM,2025-05-10 02:46:00 PM,PPPP,SK016125,12,CD3,15.6928
LOT4,LOT4,04,2025-05-10 11:46:00 AM,2025-05-10 02:46:00 PM,PPPP,SK036210,12,THK1_1_TOP,19.0493
LOT4,LOT4,04,2025-05-10 11:46:00 AM,2025-05-10 02:46:00 PM,PPPP,SK016125,13,CD1,10.602757190182441
LOT4,LOT4,04,2025-05-10 11:46:00 AM,2025-05-10 02:46:00 PM,PPPP,SK016125,13,CD3,15.7344
LOT4,LOT4,04,2025-05-10 11:46:00 AM,2025-05-10 02:46:00 PM,PPPP,SK036210,13,THK1_1_TOP,22.328
